,Title,Price [‚Ç¨],Purchase Date,Model
0,Lenovo OEM Nvidia GeForce RTX 3070 8GB GDDR6 Grafikkarte Vorf√ºhrware!,399.0,2023-02-21,RTX 3070
1,ZOTAC GeForce RTX 3070 AMP Holo 8GB GDDR6 Grafikkarte,499.0,2023-02-21,RTX 3070
2,ASUS ROG Strix GeForce RTX 3070 OC White Edition 8GB GDDR6 Grafikkarte,499.0,2023-02-21,RTX 3070
3,ASUS GeForce RTX 3070 DUAL OC 8GB GDDR6 Grafikkarte,425.0,2023-02-20,RTX 3070
4,NVIDIA GeForce RTX 3070 Founders Edition 8GB GDDR6X Grafikkarte,419.0,2023-02-20,RTX 3070
5,ASUS ROG Strix GeForce RTX 3070 OC 8GB GDDR6 Grafikkarte,499.0,2023-02-20,RTX 3070
6,Inno3D GeForce RTX 3070 TWIN X2 OC 8GB GDDR6 Grafikkarte,399.0,2023-02-20,RTX 3070
7,Inno3D GeForce RTX 3070 TWIN X2 OC 8GB GDDR6 Grafikkarte (non LHR),400.0,2023-02-20,RTX 3070
8,MSI GeForce RTX 3070 VENTUS 3X OC 8GB,450.0,2023-02-20,RTX 3070
9,ASUS NVIDIA GeForce RTX 3070 TUF Gaming OC 8GB Gaming Grafikkarte in OVP,405.0,2023-02-20,RTX 3070
10,ASUS ROG Strix GeForce RTX 3070 OC 8GB GDDR6 Grafikkarte non LHR,450.0,2023-02-20,RTX 3070
11,GIGABYTE GeForce RTX 3070 MASTER 8‚ÄéGB GDDR6 Grafikkarte,445.0,2023-02-20,RTX 3070
12,GIGABYTE GeForce RTX 3070 GAMING OC 8GB GDDR6 Grafikkarte,425.0,2023-02-20,RTX 3070
13,GIGABYTE GeForce RTX 3070 Gaming OC 8G GDDR6 TOP Zustand,422.5,2023-02-20,RTX 3070
14,"EVGA GeForce RTX3070Ti FTW3 ULTRA GAMING LHR 8GB GDDR6X PCIe, HDMI,  Displayport",679.0,2023-02-20,RTX 3070
15,NVIDIA GeForce RTX 3070 Founders Edition 8GB GDDR6 GDDR6 Grafikkarte inkl. OVP,424.0,2023-02-20,RTX 3070
16,Rtx 3070M (Mobile),213.0,2023-02-20,RTX 3070
17,EVGA GeForce RTX 3070 XC3 BLACK GAMING,395.0,2023-02-20,RTX 3070
18,"Gigabyte RTX 3070 Gaming OC, Non-LHR",399.0,2023-02-20,RTX 3070
19,MSI GeForce RTX 3070 SUPRIM 8GB GDDR6 Grafikkarte,449.0,2023-02-20,RTX 3070
20,OEM Nvidia GeForce RTX 3070 8GB GDDR6 NVIDIA Grafikkarte NON LHR Sapphire Chip,429.0,2023-02-20,RTX 3070
21,NVIDIA GeForce RTX 3070 Ti Founders Edition 8GB GDDR6X Grafikkarte,470.0,2023-02-19,RTX 3070
22,MSI GeForce RTX 3070 Ventus 2X OC 8GB GDDR6 GPU Grafikkarte,379.0,2023-02-19,RTX 3070
23,"MSI GeForce RTX 3070 GAMING X TRIO 8GB GDDR6 Grafikkarte, nonLHR",435.0,2023-02-19,RTX 3070
24,Asus RTX 3070 Turbo 8GB - PCIe 4.0 GPU - Non-LHR,365.0,2023-02-19,RTX 3070
25,Asus RTX 3070 Turbo 8GB - PCIe 4.0 GPU - Non-LHR,372.0,2023-02-19,RTX 3070
26,NVIDIA GeForce RTX 3070 Founders Edition 8GB GDDR6 GDDR6 Grafikkarte,405.51,2023-02-19,RTX 3070
27,MSI GeForce RTX 3070 SUPRIM X 8G GDDR6 Grafikkarte (Non-LHR),423.99,2023-02-19,RTX 3070
28,NVIDIA GeForce RTX 3070 Founders Edition 8GB GDDR6 Grafikkarte mit OVP,398.99,2023-02-19,RTX 3070
29,ZOTAC GAMING GeForce RTX 3070 Ti Trinity OC 8GB GDDR6X Grafikkarte,452.78,2023-02-19,RTX 3070
30,GeForce RTX‚Ñ¢ 3070 VISION OC 8GB GDDR6 (Kein LHR),450.0,2023-02-19,RTX 3070
31,GIGABYTE GeForce RTX 3070 GAMING OC 8GB GDDR6 Grafikkarte || Non-LHR,417.0,2023-02-19,RTX 3070
32,Colorful GeForce RTX 3070 Non-LHR (N3070-806-SI2) Graphics Card,389.0,2023-02-19,RTX 3070
33,Zotac GeForce RTX 3070 Ti Trinity OC 8gb,649.0,2023-02-18,RTX 3070
34,NVIDIA GeForce RTX 3070 Ti Founders Edition 8GB GDDR6X Grafikkarte,730.0,2023-02-18,RTX 3070
35,MSI Geforce RTX 3070 Suprim 8GB Grafikkarte 3080 3090,418.0,2023-02-18,RTX 3070
36,Geforce rtx 3070,650.0,2023-02-18,RTX 3070
37,ASUS TUF GeForce RTX 3070 8GB OC Grafikkarte,475.0,2023-02-17,RTX 3070
38,ASUS TUF Gaming GeForce RTX 3070 Ti OC 8GB GDDR6X Grafikkarte,525.0,2023-02-17,RTX 3070
39,ASUS ROG-STRIX-RTX3070TI-O8G-GAMING,747.9,2023-02-17,RTX 3070
40,GeForce RTX 3070 OC V2 LHR 8GB - ASUS OVP Neuwertig,471.0,2023-02-17,RTX 3070
41,Gigabyte Geforce Rtx 3070 Nvidia 8gb Oc,378.0,2023-02-17,RTX 3070
42,GIGABYTE GeForce RTX 3070 Deshroud GAMING OC 8GB GDDR6,350.0,2023-02-17,RTX 3070
43,GIGABYTE GeForce RTX 3070 GAMING OC 8GB GDDR6 Grafikkarte in OVP,389.0,2023-02-17,RTX 3070
44,ZOTAC GAMING GeForce RTX 3070 Twin Edge 8GB GDDR6 Grafikkarte 3xDP/HDMI,379.01,2023-02-16,RTX 3070
45,ASUS TUF Gaming GeForce RTX 3070 Ti OC 8GB GDDR6X Grafikkarte Wie Neu,545.0,2023-02-16,RTX 3070
46,ASUS TUF Gaming GeForce RTX 3070 Ti OC 8GB GDDR6X Grafikkarte Neu u OVP,574.0,2023-02-16,RTX 3070
47,NVIDIA GeForce RTX 3070 Founders Edition 8GB GDDR6 Grafikkarte -wie neu-,449.0,2023-02-16,RTX 3070
48,Gainward GeForce RTX 3070 Phantom+ 8GB GDDR6 Grafikkarte,366.99,2023-02-16,RTX 3070
49,ZOTAC NVIDIA GeForce RTX 3070 Twin Edge OC 8GB GDDR6 Grafikkarte,700.0,2023-02-16,RTX 3070
50,"MSI GeForce RTX 3070 GAMING X TRIO 8GB GDDR6 Grafikkarte, nonLHR",430.0,2023-02-16,RTX 3070
51,GIGABYTE GeForce RTX 3070 GAMING OC LHR  8 GB OC  Enthusiast Grafikkarte,609.17,2023-02-16,RTX 3070
52,INNO3D GeForce RTX 3070 iCHILL X4 8GB GDDR6 Non LHR mit OVP und Rechnung,400.0,2023-02-15,RTX 3070
53,GIGABYTE AORUS GeForce RTX 3070 8GB GDDR6 Grafikkarte (GV-N3070AORUS M-8GD),451.0,2023-02-15,RTX 3070
54,ASUS TUF Gaming GeForce RTX 3070 8‚ÄéGB GDDR6 Grafikkarte mit OVP,469.0,2023-02-15,RTX 3070
55,"MSI GeForce RTX 3070 Ventus 3X OC, 8GB GDDR6, HDMI, 3x- GAMING - RECHNUNG - BOX",499.0,2023-02-15,RTX 3070
56,NVIDIA GeForce RTX 3070 Founders Edition 8GB GDDR6 Sehr Gut - Refurbished,500.0,2023-02-15,RTX 3070
57,ASUS TUF Gaming GeForce RTX 3070 Ti OC 8GB GDDR6X Grafikkarte,569.69,2023-02-15,RTX 3070
58,EVGA GeForce RTX 3070 XC3 ULTRA GAMING 8GB GDDR6 Grafikkarte (08G-P5-3755-KL),460.0,2023-02-15,RTX 3070
59,MSI NVIDIA GeForce RTX 3070 Ti Ventus 3X 8G OC | 8GB GDDR6x | RGB | Raytracing ,699.0,2023-02-15,RTX 3070
0,"EVGA GeForce RTX 3070 FTW3 ULTRA GAMING LHR 8GB GDDR6 PCIe, HDMI,  Displayport",562.22,2023-02-15,RTX 3070
1,NVIDIA GeForce RTX 3070 Founders Edition 8GB GDDR6 Grafikkarte - NEU&OVP H√§ndler,669.0,2023-02-15,RTX 3070
2,INNO3D GeForce RTX 3070 iCHILL X4  8GB  | Non LHR | New & Sealed | EU - Shipping,629.0,2023-02-15,RTX 3070
3,Gigabyte GeForce RTX 3070 GAMING OC 8GB V2 LHR Grafikkarte - GAMING - RECHNUNG,499.0,2023-02-15,RTX 3070
4,ASUS ROG Strix GeForce RTX 3070 Ti OC 8GB GDDR6X Grafikkarte   WIE NEU+GARANTIE,600.0,2023-02-14,RTX 3070
5,ASUS ROG Strix RTX 3070 V2 OC ROG-STRIX-RTX3070-O8G-V2-GAMING (90YV0FR7-M0NA00),549.0,2023-02-14,RTX 3070
6,ASUS TUF Gaming GeForce RTX 3070 8‚ÄéGB GDDR6 Grafikkarte,413.69,2023-02-14,RTX 3070
7,NVIDIA GeForce RTX 3070 Founders Edition 8GB GDDR6 GDDR6 Grafikkarte,383.0,2023-02-14,RTX 3070
8,ZOTAC GAMING GeForce RTX 3070 Twin Edge OC¬† 8GB GDDR6 256Bit GDDR6,402.0,2023-02-14,RTX 3070
9,NVIDIA GeForce RTX 3070 Founders Edition 8GB GDDR6 GDDR6 Grafikkarte,411.0,2023-02-14,RTX 3070
10,OEM Nvidia GeForce RTX 3070 8GB GDDR6 NVIDIA Grafikkarte NON LHR Sapphire Chip,429.0,2023-02-14,RTX 3070
11,EVGA GeForce RTX 3070 FTW3 ULTRA 8GB GDDR6 PCIe HDMI,564.22,2023-02-14,RTX 3070
12,"ASUS TUF Gaming GeForce RTX 3070TI OC V2 Grafikkarte 8GB GDDR6X, 2xHDMI, 3xDP",755.53,2023-02-14,RTX 3070
13,Zotac Gaming GeForce RTX 3070 Twin Edge OC 8GB GDDR6 Grafikkarte - Wie neu ,490.0,2023-02-14,RTX 3070
14,ASUS TUF Gaming GeForce RTX 3070 Ti OC Grafikkarte TOP Wie NEU! Garantie!,569.99,2023-02-14,RTX 3070
15,Lenovo OEM Nvidia GeForce RTX 3070 8GB GDDR6 Grafikkarte TOP ZUSTAND!,399.0,2023-02-14,RTX 3070
16,EVGA GeForce RTX 3070 XC3 ULTRA 8GB GDDR6 Grafikkarte,400.0,2023-02-13,RTX 3070
17,Inno3D NVIDIA GeForce RTX 3070 ti 8GB GDDR6X ,499.0,2023-02-13,RTX 3070
18,GIGABYTE GeForce RTX 3070 GAMING OC 8GB GDDR6 Grafikkarte,402.0,2023-02-13,RTX 3070
19,ASUS GeForce RTX 3070 ROG Strix OC 8‚ÄéGB GDDR6 Grafikkarte¬†non LHR,515.0,2023-02-13,RTX 3070
20,NVIDIA GeForce RTX 3070 Founders Edition 8GB GDDR6 Grafikkarte - Top Zustand!,405.0,2023-02-13,RTX 3070
21,"Gebraucht: Sehr gut! GIGABYTE GeForce RTX 3070 Ti Eagle OC 8G, 8GB GDDR6X",636.09,2023-02-13,RTX 3070
22,"ZOTAC GeForce RTX 3070 Twin Edge LHR, Grafikkarte",593.97,2023-02-13,RTX 3070
23,GIGABYTE GeForce RTX 3070 EAGLE OC LHR  8 GB OC  Enthusiast Grafikkarte,597.09,2023-02-13,RTX 3070
24,Palit GeForce RTX 3070 JetStream V1 8GB GDDR6 G-Sync - Zustand sehr gut ,441.0,2023-02-13,RTX 3070
25,NVIDIA GeForce RTX 3070 Founders Edition 8GB Grafikkarte - NEU,669.0,2023-02-13,RTX 3070
26,NVIDIA GeForce RTX 3070 Founders Edition 8GB GDDR6 GDDR6 Grafikkarte inkl. OVP,401.0,2023-02-13,RTX 3070
27,ZOTAC GeForce RTX 3070 Twin Edge OC LHR White  8 GB OC  Enthusiast Grafikkarte,645.95,2023-02-13,RTX 3070
28,NVIDIA GeForce RTX 3070 Founders Edition 8GB GDDR6X Grafikkarte,669.0,2023-02-13,RTX 3070
29,EVGA GeForce RTX 3070 XC3 ULTRA 8GB GDDR6 Grafikkarte,389.0,2023-02-12,RTX 3070
30,GIGABYTE AORUS GeForce RTX 3070  8GB Grafikkarte,431.0,2023-02-12,RTX 3070
31,MSI Geforce RTX 3070 Suprim X (NON LHR),491.0,2023-02-12,RTX 3070
32,ZOTAC GAMING GeForce RTX 3070 Ti AMP Holo 8GB GDDR6X Grafikkarte,501.0,2023-02-12,RTX 3070
33,GIGABYTE AORUS GeForce RTX 3070 Master || OVP || no LHR,421.0,2023-02-12,RTX 3070
34,ASUS ROG Strix GeForce RTX 3070 Ti OC 8GB GDDR6X Grafikkarte,525.0,2023-02-12,RTX 3070
35,ASUS NVIDIA GeForce RTX 3070 8GB non LHR,411.0,2023-02-12,RTX 3070
36,GIGABYTE GeForce RTX 3070 GAMING OC 8GB GDDR6 Grafikkarte,423.0,2023-02-12,RTX 3070
37,PNY GeForce RTX 3070 8GB UPRISING Dual Fan (VCG30708DFMPB),412.13,2023-02-12,RTX 3070
38,GIGABYTE GeForce RTX‚Ñ¢ 3070 Gaming OC 8GB LHR (GV-N3070GAMING OC-8GD 2.0) (NVIDIA,579.99,2023-02-12,RTX 3070
39,ZOTAC GAMING GEFORCE RTX3070 TWIN EDGE - TOP ZUSTAND!,407.55,2023-02-12,RTX 3070
40,HP NVIDIA GeForce RTX 3070  OEM Grafikkarte 8Gb GDDR6,499.0,2023-02-11,RTX 3070
41,MSI RTX 3070 SUPRIM 8GB (NON LHR),449.0,2023-02-11,RTX 3070
42,GIGABYTE AORUS GeForce RTX 3070 8GB GDDR6,460.0,2023-02-11,RTX 3070
43,Palit GeForce RTX 3070 GamingPro 8GB GDDR6 Grafikkarte - Neu & Lieferbar,599.0,2023-02-11,RTX 3070
44,GIGABYTE GeForce RTX 3070 MASTER 8‚ÄéGB GDDR6 Grafikkarte NON LHR,600.0,2023-02-10,RTX 3070
45,"MSI GeForce RTX 3070 GAMING X TRIO 8GB GDDR6 Grafikkarte, nonLHR",401.0,2023-02-10,RTX 3070
46,ZOTAC GAMING GeForce RTX 3070 Twin Edge LHR 8GB Grafikkarte - 3x,577.99,2023-02-10,RTX 3070
47,MSI GeForce RTX 3070 Ti Suprim X 8G Gaming Grafikkarte (NVIDIA 8GB GDDR6X),943.02,2023-02-10,RTX 3070
48,"Palit GeForce RTX 3070 GamingPro LHR (Grafikkarte, 8GB, NE63070019P2-1041A)",578.79,2023-02-10,RTX 3070
49,ASUS GeForce RTX 3070 DUAL OC ‚≠êÔ∏è NON LHR ‚≠êÔ∏è NEU ‚≠êÔ∏è versiegelt ‚≠êÔ∏è H√§ndler ‚úÖ,599.99,2023-02-10,RTX 3070
50,ZOTAC GAMING GeForce RTX 3070 Twin Edge LHR 8GB GDDR6 Grafikkarte,452.0,2023-02-10,RTX 3070
51,ASUS TUF GeForce RTX 3070 8GB OC Grafikkarte,499.0,2023-02-10,RTX 3070
52,Asus TUF GeForce RTX 3070 8GB OC V2 Grafikkarte - 3x DisplayPort/2x HDMI - LHR,669.99,2023-02-10,RTX 3070
53,Gainward GeForce RTX 3070 Phoenix 8GB GDDR6 Grafikkarte,391.0,2023-02-10,RTX 3070
54,ZOTAC GAMING GeForce RTX 3070Ti AMP Extreme HOLO VR-Ready RGB 256bit Grafikkarte,756.0,2023-02-10,RTX 3070
55,NVIDIA GeForce RTX 3070 Founders Edition 8GB GDDR6 GDDR6 Grafikkarte,500.0,2023-02-10,RTX 3070
56,Gigabyte GeForce RTX 3070 Gaming OC 8GB GDDR6 G-Sync - Zustand sehr gut ,479.0,2023-02-10,RTX 3070
57,‚úÖASUS TUF Gaming GeForce RTX 3070Ti OC 8GB GDDR6X Grafikkarte - wie Neu ‚úÖ,579.0,2023-02-10,RTX 3070
58,Nagelneue RTX 3070 Ti VENTUS 3X 8G OC,585.0,2023-02-09,RTX 3070
59,ASUS NVIDIA GeForce RTX 3070 TUF Gaming OC 8GB Gaming Grafikkarte...,429.0,2023-02-09,RTX 3070
0,GIGABYTE GeForce RTX 3070 GAMING OC 8GB GDDR6 Grafikkarte,430.0,2023-02-09,RTX 3070
1,"OVP MSI GeForce RTX 3070 Ti Gaming Trio X, ohne Grafikkarte",100.0,2023-02-09,RTX 3070
2,MSI GeForce RTX 3070 Ti VENTUS 3X OC 8GB GDDR6X Grafikkarte mit OVP,549.88,2023-02-09,RTX 3070
3,ASUS ROG Strix GeForce RTX 3070 Ti OC 8GB GDDR6X Grafikkarte,565.0,2023-02-09,RTX 3070
4,MSI GeForce RTX 3070 GAMING Z TRIO 8GB | non LHR¬†,400.0,2023-02-09,RTX 3070
5,ASUS GeForce RTX 3070 DUAL OC 8GB GDDR6 Grafikkarte,419.0,2023-02-09,RTX 3070
6,grafikkarte 8gb nvidia GeForce RTX 3070 GDDR6 256 bit,700.0,2023-02-09,RTX 3070
7,NVIDIA GeForce RTX 3070 Founders Edition 8GB GDDR6 GDDR6 Grafikkarte inkl. OVP,436.0,2023-02-09,RTX 3070
8,Gainward GeForce RTX 3070 Phantom+ 8GB GDDR6 Grafikkarte,450.0,2023-02-09,RTX 3070
9,NVIDIA GeForce RTX 3070 Ti Founders Edition 8GB GDDR6X Grafikkarte,505.0,2023-02-08,RTX 3070
10,MSI GeForce RTX 3070 Ti Gaming X Trio 8GB GDDR6X HDMI DP LHR,549.0,2023-02-08,RTX 3070
11,EVGA GeForce RTX 3070 XC3 ULTRA 8GB GDDR6 Grafikkarte,409.99,2023-02-08,RTX 3070
12,NVIDIA GeForce RTX 3070 Founders Edition 8GB GDDR6 GDDR6 Grafikkarte,406.0,2023-02-08,RTX 3070
13,ASUS TUF Gaming GeForce RTX 3070 8‚ÄéGB GDDR6 Grafikkarte GEBRAUCHT; GUTER ZUSTAND,411.52,2023-02-08,RTX 3070
14,GIGABYTE GeForce RTX 3070 VISION OC 8‚ÄéGB GDDR6 Grafikkarte,439.9,2023-02-07,RTX 3070
15,NVIDIA GeForce RTX 3070 Ti Founders Edition 8GB GDDR6X Grafikkarte,456.0,2023-02-07,RTX 3070
16,ASUS TUF Gaming GeForce RTX 3070 8‚ÄéGB GDDR6 Grafikkarte mit OVP,459.0,2023-02-07,RTX 3070
17,GIGABYTE AORUS GeForce RTX 3070 Ti MASTER,818.15,2023-02-07,RTX 3070
18,ZOTAC NVIDIA GeForce RTX 3070 Ti Trinity OC 8GB GDDR6X Grafikkarte...,451.0,2023-02-07,RTX 3070
19,ASUS NVIDIA GeForce RTX 3070 TUF Gaming OC 8GB Gaming Grafikkarte...,479.99,2023-02-07,RTX 3070
20,NVIDIA GeForce RTX 3070 Ti Founders Edition 8GB GDDR6X Grafikkarte,489.88,2023-02-07,RTX 3070
21,"Zotac Gaming GeForce RTX 3070 Ti AMP Holo, 8GB GDDR6 PCIe",784.22,2023-02-07,RTX 3070
22,Palit GeForce RTX 3070 GamingPro OC 8GB GDDR6 Grafikkarte in kompletter OVP,439.0,2023-02-07,RTX 3070
23,GIGABYTE AORUS GeForce RTX 3070 8GB GDDR6 Non LHR Grafikkarte,449.0,2023-02-07,RTX 3070
24,ZOTAC Geforce RTX 3070 8GB Gaming AMP HOLO Grafikkarte,380.0,2023-02-07,RTX 3070
25,Palit GeForce RTX 3070 GamingPro 8GB GDDR6 Grafikkarte *H√ÑNDLER*,439.0,2023-02-07,RTX 3070
26,Asus (NVidia) GeForce RTX‚Ñ¢ 3070 Dual 8GB,389.0,2023-02-07,RTX 3070
27,"GIGABYTE Geforce RTX 3070 EAGLE OC 8 GB (GV-N3070EAGLE OC-8GD 2.0) (NVIDIA, Graf",559.99,2023-02-07,RTX 3070
28,ZOTAC GeForce RTX 3070 Ti GAMING 8GB GDDR6X Grafikkarte Graphics Card GPU Gaming,686.0,2023-02-06,RTX 3070
29,EVGA GeForce RTX 3070 XC3 ULTRA 8GB GDDR6 Grafikkarte,400.0,2023-02-06,RTX 3070
30,ZOTAC GAMING GeForce RTX 3070 Twin Edge 8GB GDDR6 Grafikkarte 3xDP/HDMI,603.9,2023-02-06,RTX 3070
31,ASUS GeForce RTX 3070 DUAL OC 8GB GDDR6 Grafikkarte,428.0,2023-02-06,RTX 3070
32,"MSI GeForce RTX 3070 GAMING X TRIO 8GB GDDR6 Grafikkarte, nonLHR",460.0,2023-02-06,RTX 3070
33,ZOTAC GAMING GEFORCE RTX 3070 Ti Trinity OC 8GB 256BIT GDDR6X Grafikkarte NEU,719.9,2023-02-06,RTX 3070
34,KFA2 GeForce RTX 3070 Ti SG (1-Click OC) 8GB GDDR6X Grafikkarte,549.0,2023-02-06,RTX 3070
35,ASUS GeForce RTX 3070 DUAL OC 8GB GDDR6 Grafikkarte,378.0,2023-02-06,RTX 3070
36,GIGABYTE NVIDIA GeForce RTX 3070 Ti VISION OC 8GB (mit Garantie) ,490.0,2023-02-06,RTX 3070
37,"MSI GeForce RTX 3070 GDDR6, 8GB",420.0,2023-02-06,RTX 3070
38,"Grafikkarte Geforce RTX 3070 8GB NVIDIA MSI, kein LHR, Orig. Rechnung, wie Neu!",550.0,2023-02-05,RTX 3070
39,Asus RTX 3070 Turbo 8GB - PCIe 4.0 GPU - Non-LHR,328.0,2023-02-05,RTX 3070
40,ASUS TUF Gaming GeForce RTX 3070 Ti OC V2 8GB NEU,567.67,2023-02-05,RTX 3070
41,GIGABYTE GeForce RTX 3070 VISION OC 8‚ÄéGB GDDR6 Grafikkarte,416.0,2023-02-05,RTX 3070
42,ASUS ROG Strix GeForce RTX 3070 OC 8GB GDDR6 Grafikkarte,470.0,2023-02-05,RTX 3070
43,ASUS Dual GeForce RTX 3070 OC V2 LHR 8GB GDDR6 Grafikkarte nur 3 Monate alt!,449.0,2023-02-05,RTX 3070
44,MSI GeForce RTX 3070 SUPRIM X 8GB GDDR6,370.0,2023-02-05,RTX 3070
45,AORUS GeForce RTX 3070 MASTER 8‚ÄéGB GDDR6 Rev 1.1 mit OVP NON LHR,389.0,2023-02-05,RTX 3070
46,KFA2 GeForce RTX‚Ñ¢ 3070¬† 1-Click OC 8GB Non-LHR (NVIDIA),351.0,2023-02-05,RTX 3070
47,ZOTAC GeForce RTX 3070 Twin Edge OC White Edition 8GB GDDR6 Grafikkarte,425.05,2023-02-05,RTX 3070
48,ASUS TUF Gaming GeForce RTX 3070 OC V2 LHR 8GB GDDR6 Grafikkarte OVP,414.0,2023-02-05,RTX 3070
49,GIGABYTE AORUS GeForce RTX 3070 8GB GDDR6 Grafikkarte REV1.1 NON LHR,431.0,2023-02-05,RTX 3070
50,NVIDIA GeForce RTX 3070 Founders Edition 8GB GDDR6 GDDR6 Grafikkarte,413.52,2023-02-05,RTX 3070
51,GIGABYTE GeForce RTX 3070 EAGLE OC 8GB GDDR6 Grafikkarte,430.1,2023-02-05,RTX 3070
52,GIGABYTE GeForce RTX 3070 GAMING OC LHR  8 GB OC Grafikkarte TOPZUSTAND,441.0,2023-02-05,RTX 3070
53,EVGA GeForce RTX 3070 XC3 ULTRA ‚≠êÔ∏è NON LHR ‚≠êÔ∏è NEU ‚≠êÔ∏è versiegelt ‚≠êÔ∏è H√§ndler ‚úÖ,649.99,2023-02-05,RTX 3070
54,EVGA GeForce RTX 3070 Ti FTW3 ULTRA GAMING 8GB GDDR6X Grafikkarte,555.0,2023-02-05,RTX 3070
55,MSI GeForce RTX 3070 Ti GAMING X TRIO 8GB GDDR6X 1x HDMI 3x Displayport,772.22,2023-02-05,RTX 3070
56,ASUS TUF Gaming GeForce RTX 3070 Ti OC 8GB GDDR6X Grafikkarte,547.4,2023-02-05,RTX 3070
57,Inno3D GEFORCE RTX 3070 TWIN X2 OC NVIDIA 8 GB GDDR6,399.0,2023-02-05,RTX 3070
58,"Palit GeForce RTX 3070 Ti GameRock, 8GB GDDR6X, HDMI, 3x DP (NED307T019P2-1047G)",1089.0,2023-02-05,RTX 3070
59,Gigabyte AORUS GeForce RTX 3070 MASTER 8‚ÄéGB GDDR6 Rev 1.1,469.0,2023-02-05,RTX 3070
0,MSI GeForce RTX 3070 VENTUS 3X OC,420.0,2023-02-04,RTX 3070
1,"GIGABYTE GeForce RTX 3070 Gaming OC R2.0 8GB GDDR6 Grafikkarte 2xHDMI, 2xDP",616.48,2023-02-04,RTX 3070
2,GIGABYTE GeForce RTX 3070 VISION OC 8‚ÄéGB GDDR6 Grafikkarte,440.0,2023-02-04,RTX 3070
3,ASUS TUF GeForce RTX 3070 TI 8GB Gaming Grafikkarte,699.9,2023-02-04,RTX 3070
4,ASUS TUF GeForce RTX 3070 TI 8GB OC Version Gaming Grafikkarte,699.9,2023-02-04,RTX 3070
5,ASUS TUF GeForce RTX 3070 V2 8 GB OC Version Gaming Grafikkarte,649.9,2023-02-04,RTX 3070
6,EVGA GeForce RTX 3070 XC3 BLACK GAMING 8GB GDDR6,450.0,2023-02-04,RTX 3070
7,ASUS ROG Strix Rtx 3070 8GB Wie Neu+OVP+Rechnung+Restgarantie,475.0,2023-02-04,RTX 3070
8,NVIDIA GeForce RTX 3070  8GB GDDR6 Gaming Grafikkarte,386.01,2023-02-04,RTX 3070
9,Palit GeForce RTX‚Ñ¢ 3070 GameRock 8GB GDDR6,650.0,2023-02-04,RTX 3070
10,NVIDIA GeForce RTX 3070 Founders Edition 8GB GDDR6 GDDR6 Grafikkarte,350.0,2023-02-03,RTX 3070
11,MSI GeForce RTX 3070 Ventus 3X OC LHR 8GB GDDR6 Grafikkarte,446.0,2023-02-03,RTX 3070
12,Gigabyte GeForce RTX 3070 Gaming OC 8G LHR ‚úÖ NEU - NEW ‚úÖ,599.99,2023-02-03,RTX 3070
13,"GIGABYTE GeForce RTX 3070 Gaming OC 8G LHR, Grafikkarte",614.94,2023-02-03,RTX 3070
14,MSI (B-Ware) Grafikkarte RTX3070TI Ventus 3X 8G OC LHR,599.9,2023-02-03,RTX 3070
15,ASUS GeForce RTX 3070 DUAL OC 8GB GDDR6 Grafikkarte,429.99,2023-02-03,RTX 3070
16,‚≠ê Gebraucht ‚≠ê MSI GeForce RTX 3070 SUPRIM 8GB GDDR6 Grafikkarte ‚úÖ Non LHR ‚úÖ,485.0,2023-02-03,RTX 3070
17,NVIDIA GeForce RTX 3070 Colorful Non-LHR 8GB GDDR6 Grafikkarte,400.0,2023-02-02,RTX 3070
18,"NEUWERTIG KFA2 GeForce RTX 3070 EX (1-Click OC), 8GB GDDR6, HDMI, 3xDP +GARANTIE",475.0,2023-02-02,RTX 3070
19,ASUS TUF Gaming GeForce RTX 3070 8‚ÄéGB GDDR6 Grafikkarte TOP OVP,426.01,2023-02-02,RTX 3070
20,"INNO3D GeForce RTX 3070 iCHILL X4 LHR Grafikkarte - 3x DisplayPort, 1x HDMI",820.99,2023-02-02,RTX 3070
21,ZOTAC GeForce RTX 3070 Twin Edge OC White Edition 8GB GDDR6,450.0,2023-02-02,RTX 3070
22,Gainward GeForce RTX 3070 Phoenix 8GB GDDR6,450.0,2023-02-02,RTX 3070
23,ASUS GeForce RTX 3070 DUAL OC 8GB GDDR6 Grafikkarte,498.0,2023-02-02,RTX 3070
24,ASUS GeForce RTX 3070 DUAL OC 8GB GDDR6 Grafikkarte,549.99,2023-02-02,RTX 3070
25,MSI GeForce RTX 3070 Ventus 3X OC LHR 8GB GDDR6 Grafikkarte,500.0,2023-02-02,RTX 3070
26,GIGABYTE GeForce RTX 3070 VISION OC 8‚ÄéGB GDDR6 Grafikkarte,401.0,2023-02-02,RTX 3070
27,EVGA GeForce RTX 3070 XC3 ULTRA 8GB GDDR6 Grafikkarte,441.0,2023-02-02,RTX 3070
28,ASUS ROG Strix GeForce RTX 3070 Ti 8GB GDDR6X Grafikkarte mit Garantie ,562.0,2023-02-02,RTX 3070
29,ZOTAC GAMING GEFORCE RTX 3070 Ti AMP Extreme HOLO 8GB 256BIT GDDR6X Grafikkarte,699.9,2023-02-02,RTX 3070
30,ASUS GeForce RTX 3070 DUAL OC 8GB GDDR6 Grafikkarte,498.0,2023-02-01,RTX 3070
31,üî•üî•ZOTAC Geforce RTX 3070‚úÖAMP HOLO Edition‚úÖ8GB ‚úÖGarantie‚úÖTolles RGB‚úÖGrafikkarte,429.95,2023-02-01,RTX 3070
32,ZOTAC GAMING Nvidia GeForce RTX 3070 Twin Edge LHR 8GB GDDR6 Grafikkarte,401.0,2023-02-01,RTX 3070
33,ZOTAC GeForce RTX 3070 AMP Holo LHR  8 GB OC  High End Grafikkarte (Grafikkarte),670.84,2023-02-01,RTX 3070
34,NVIDIA GeForce RTX 3070 Ti Founders Edition 8GB GDDR6X Grafikkarte,505.0,2023-02-01,RTX 3070
35,ASUS ROG Strix GeForce RTX 3070 Ti OC 8GB GDDR6X Grafikkarte,510.0,2023-02-01,RTX 3070
36,8GB ASUS TUF-RTX3070-O8G-V2-GAMING LHR + Bluetooth Adapter und Gaming Mouse,403.0,2023-02-01,RTX 3070
37,Asus Dual GeForce RTX 3070 8GB OC V2 Grafikkarte - 3x DisplayPort/2x HDMI - LHR,636.99,2023-02-01,RTX 3070
38,ASUS GeForce RTX 3070 TI  ROG STRIX OC - 8GB GDDR6,580.0,2023-02-01,RTX 3070
39,ASUS TUF GeForce RTX 3070 TI V2 OC Edition 8GB Gaming Grafikkarte,797.9,2023-02-01,RTX 3070
40,GIGABYTE GeForce RTX 3070 GAMING OC 8GB GDDR6 Grafikkarte ohne LHR,380.0,2023-02-01,RTX 3070
41,MSI GeForce RTX 3070 SUPRIM X 8GB GDDR6,420.37,2023-02-01,RTX 3070
42,MSI GeForce RTX 3070 Ti GAMING X TRIO 8GB GDDR6X Grafikkarte,415.0,2023-01-31,RTX 3070
43,GIGABYTE AORUS Master GeForce RTX 3070 8GB GDDR6 Grafikkarte¬†,435.0,2023-01-31,RTX 3070
44,"MSI GeForce RTX 3070 Ti GAMING X TRIO 8G LHR, Grafikkarte",768.56,2023-01-31,RTX 3070
45,ASUS GeForce RTX 3070 DUAL OC 8GB GDDR6 Grafikkarte,439.0,2023-01-31,RTX 3070
46,GIGABYTE GeForce RTX 3070 GAMING OC 8GB GDDR6 Grafikkarte,426.0,2023-01-31,RTX 3070
47,"Gainward GeForce RTX 3070 Ti Phoenix Grafikkarte 8GB GDDR6X, HDMI, 3x DP Desktop",540.0,2023-01-31,RTX 3070
48,GIGABYTE GeForce RTX 3070 EAGLE OC 8GB GDDR6 mit OVP (Top Zustand),435.0,2023-01-31,RTX 3070
49," Geforce RTX3070 MANLI 8GB Grafikkarte, HDMI 2.1, 3x DisplayPort 1.4a",450.0,2023-01-31,RTX 3070
50,ASUS TUF GeForce RTX 3070 8GB OC Grafikkarte,449.0,2023-01-31,RTX 3070
51,Zotac GeForce RTX 3070 Twin Edge OC LHR White  8 GB OC  Enthusiast Grafikkarte,631.95,2023-01-31,RTX 3070
52,Gigabyte GeForce RTX 3070 Vision OC 8GB GDDR6 G-Sync - Zustand sehr gut ,425.0,2023-01-30,RTX 3070
53,ASUS TUF Gaming GeForce RTX 3070 Ti OC V2 8GB GDDR6X 2x HDMI 3x Displayport 1.4a,725.32,2023-01-30,RTX 3070
54,GIGABYTE GeForce RTX 3070 Ti GAMING OC 8G 8GB GDDR6X Grafikkarte (GV-N307TGAMING,500.0,2023-01-30,RTX 3070
55,GIGABYTE GeForce RTX 3070 EAGLE OC 8GB GDDR6 mit OVP (Top Zustand),435.0,2023-01-30,RTX 3070
56,MSI GeForce RTX 3070 Ventus 2X OC 8GB GDDR6 GPU Grafikkarte,443.0,2023-01-30,RTX 3070
57,Gigabyte GeForce RTX‚Ñ¢ 3070 VISION OC 8GB GDDR6 Grafikkarte,421.0,2023-01-30,RTX 3070
58,RTX 3070 MSI Suprim X Grafikkarte *Neuwertig*,475.0,2023-01-30,RTX 3070
59,GIGABYTE GeForce RTX 3070 GAMING OC 8GB GDDR6 Grafikkarte,450.0,2023-01-30,RTX 3070
0,ASUS ROG Strix GeForce RTX 3070 OC 8GB GDDR6X White Edition Grafikkarte,400.0,2023-01-30,RTX 3070
1,GIGABYTE GeForce RTX 3070 GAMING OC 8GB¬†(Rev 2.0),404.77,2023-01-29,RTX 3070
2,NVIDIA ASUS ROG Strix GeForce RTX 3070 Ti OC Grafikkarte OVP (Ohne Grafikkarte),393.0,2023-01-29,RTX 3070
3,"Gainward GeForce RTX 3070 Phantom V1 (LHR), 8GB GDDR6, HDMI, 3x DP (2171)",401.0,2023-01-29,RTX 3070
4,GIGABYTE AORUS GeForce RTX 3070 8GB GDDR6 Grafikkarte *** NEUN MONATE ALT **,467.0,2023-01-29,RTX 3070
5,Gigabyte GeForce RTX 3070 Gaming OC 8GB GDDR6 - Zustand sehr gut,520.0,2023-01-29,RTX 3070
6,GIGABYTE GeForce RTX 3070 GAMING OC 8GB GDDR6 Grafikkarte,380.0,2023-01-29,RTX 3070
7,MSI Nvidia Geforce RTX 3070 Gaming X Trio 8GB GDDR6 Non LHR,418.0,2023-01-29,RTX 3070
8,ASUS GeForce RTX 3070 DUAL OC 8GB GDDR6 Grafikkarte,439.0,2023-01-29,RTX 3070
9,MSI GeForce RTX 3070 SUPRIM X 8GB GDDR6 Grafikkarte,680.0,2023-01-29,RTX 3070
10,MSI Geforce RTX 3070 Suprim X (NON LHR),476.0,2023-01-29,RTX 3070
11,ASUS GeForce RTX 3070 DUAL OC 8GB GDDR6 Grafikkarte,416.0,2023-01-29,RTX 3070
12,GIGABYTE GeForce RTX 3070 VISION OC 8‚ÄéGB GDDR6 Grafikkarte Rechnung und Garantie,422.0,2023-01-29,RTX 3070
13,"RTX 3070Ti GamingPro mit RGB, fast wie neu, voll funktionsf√§hig",450.0,2023-01-29,RTX 3070
14,"Gainward GeForce RTX 3070 Phoenix ""GS"" 8GB GDDR6 Grafikkarte",400.0,2023-01-29,RTX 3070
15,GeForce RTX 3070 Noctua Edition OC (LHR) + TuF Mousepad + RoG L√ºfter¬†ASUS BUNDLE,799.0,2023-01-29,RTX 3070
16,Gigabyte GeForce RTX 3070 VISION OC 8GB GDDR6,399.0,2023-01-29,RTX 3070
17,MSI RTX 3070 Gaming Z Trio,439.0,2023-01-29,RTX 3070
18,GIGABYTE GeForce RTX 3070 VISION OC 8‚ÄéGB GDDR6 Grafikkarte,420.0,2023-01-29,RTX 3070
19,MSI GeForce RTX 3070 Gaming Z Trio 8G Grafikkarte - Zustand sehr gut ,549.0,2023-01-29,RTX 3070
20,NVIDIA GeForce RTX 3070 Founders Edition 8GB GDDR6 GDDR6 Grafikkarte,426.0,2023-01-29,RTX 3070
21,ASUS Dual Nvidia GeForce RTX 3070 V2 8GB OC Edition Gaming Grafikkarte,711.9,2023-01-28,RTX 3070
22,ASUS TUF GeForce RTX 3070 V2 OC Edition Gaming Grafikkarte 8GB GDDR6 Nvidia PCIe,729.0,2023-01-28,RTX 3070
23,GIGABYTE GeForce RTX 3070 VISION OC 8‚ÄéGB GDDR6 Grafikkarte,412.0,2023-01-28,RTX 3070
24,GIGABYTE GeForce RTX 3070 Ti GAMING OC 8G Grafikkarte (GV-N307TGAMING OC-8GD),482.04,2023-01-28,RTX 3070
25,MSI Nvidia Geforce RTX 3070 Gaming X Trio 8GB GDDR6 Non LHR mit OV und Rechnung.,411.0,2023-01-28,RTX 3070
26,ZOTAC GeForce RTX 3070 AMP Holo LHR  8 GB OC  High End Grafikkarte (Grafikkarte),667.53,2023-01-28,RTX 3070
27,MSI GeForce RTX 3070 Ti VENTUS 3X OC 8GB GDDR6X Grafikkarte mit OVP,575.0,2023-01-28,RTX 3070
28,Inno3D GeForce RTX 3070 TWIN X2 OC 8GB GDDR6 Grafikkarte (non LHR),376.01,2023-01-28,RTX 3070
29,ASUS TUF Gaming GeForce RTX 3070 Ti OC 8GB GDDR6X Grafikkarte,476.01,2023-01-28,RTX 3070
30,"Defekt! INNO3D GeForce RTX 3070 Ti X3 OC LHR, 8192 MB GDDR",399.4,2023-01-28,RTX 3070
31,EVGA GeForce Nvidia RTX 3070 FTW3 ULTRA 8GB GDDR6 Non LHR Grafikkarte,449.0,2023-01-28,RTX 3070
32,GIGABYTE NVIDIA GeForce RTX 3070 Ti VISION OC 8GB,672.0,2023-01-28,RTX 3070
33,‚≠êÔ∏è ASUS ROG Strix GeForce RTX 3070 Ti OC 8GB GDDR6X Grafikkarte ‚≠êÔ∏è Neu,729.0,2023-01-28,RTX 3070
34,ASUS ROG Strix GeForce RTX 3070 OC  nonLHR 8GB GDDR6 Grafikkarte wei√ü,650.0,2023-01-28,RTX 3070
35,"Gainward NVIDIA GeForce RTX 3070 Phoenix ""GS"" 8GB GDDR6 Non LHR Grafikkarte",439.0,2023-01-28,RTX 3070
36,GIGABYTE GeForce RTX 3070 GAMING OC 8GB GDDR6 Grafikkarte,409.0,2023-01-27,RTX 3070
37,"MSI GeForce RTX 3070 GAMING X TRIO 8GB GDDR6 Grafikkarte, nonLHR",389.0,2023-01-27,RTX 3070
38,NVIDIA GeForce RTX 3070 Founders Edition 8GB GDDR6 GDDR6 Grafikkarte,459.0,2023-01-27,RTX 3070
39,ASUS TUF Gaming GeForce RTX 3070 Ti OC 8GB GDDR6X - 18Monate Restgarantie,540.0,2023-01-27,RTX 3070
40,Nvidia Geforce RTX 3070 Asus Rog Strix 8GB DDR6 OVP + Rechnung,500.0,2023-01-27,RTX 3070
41,Gigabyte GF RTX 3070 Vision OC 8GB GDDR6 3xWindforce Grafikkarte noLHR #6515,499.9,2023-01-27,RTX 3070
42,GIGABYTE GeForce RTX 3070 OC 8‚ÄéGB GDDR6 NON LHR in Originalverpackung!,430.0,2023-01-27,RTX 3070
43,*DEFEKT* GIGABYTE GeForce RTX 3070 GAMING OC 8G,201.0,2023-01-26,RTX 3070
44,GIGABYTE AORUS GeForce RTX 3070 8GB GDDR6 Non LHR Grafikkarte,489.0,2023-01-26,RTX 3070
45,MSI GeForce RTX 3070 Gaming Z Trio LHR 8GB GDDR6 PCIe HDMI DisplayPort Gaming,729.94,2023-01-26,RTX 3070
46,GIGABYTE GeForce RTX 3070 GAMING OC 8GB GDDR6,450.0,2023-01-26,RTX 3070
47,ASUS ROG Strix GeForce RTX 3070 Ti 8GB GDDR6X Grafikkarte mit Garantie ,569.0,2023-01-26,RTX 3070
48,"KFA2 KFA2 GeForce RTX‚Ñ¢ 3070 EX 1-Click OC 8GB LHR (37NSL6MD2VXK) (NVIDIA, Grafik",599.99,2023-01-26,RTX 3070
49,MSI Geforce RTX 3070 Ti Suprim X 8GB,333.0,2023-01-26,RTX 3070
50,ASUS ROG Strix GeForce RTX 3070 Ti 8GB GDDR6X Grafikkarte mit Garantie ,569.0,2023-01-26,RTX 3070
51,Inno3D GEFORCE RTX 3070 TWIN X2 OC NVIDIA 8 GB GDDR6,378.0,2023-01-25,RTX 3070
52,Inno3D GeForce RTX 3070 iChill X3 8GB OC RECHNUNG Nvidia Grafikkarte,403.0,2023-01-25,RTX 3070
53,MSI GeForce RTX 3070 Ventus 3X OC LHR 8GB GDDR6 Grafikkarte,421.0,2023-01-25,RTX 3070
54,NVIDIA GeForce RTX 3070 Ti Founders Edition 8GB GDDR6X Grafikkarte,600.0,2023-01-25,RTX 3070
55,Palit GeForce RTX 3070 GamingPro 8GB GDDR6 Grafikkarte *H√ÑNDLER*,449.0,2023-01-25,RTX 3070
56,NVIDIA GeForce RTX 3070 Founders Edition,400.0,2023-01-25,RTX 3070
57,GIGABYTE GeForce RTX 3070 Ti GAMING OC 8G 8GB GDDR6X Grafikkarte (GV-N307TGAMING,500.0,2023-01-25,RTX 3070
58,GIGABYTE GeForce RTX 3070 EAGLE OC 8GB GDDR6 Grafikkarte (GV-N3070EAGLE OC-8GD),400.0,2023-01-25,RTX 3070
59,MSI Nvidia Geforce RTX 3070 Gaming X Trio 8GB GDDR6,480.0,2023-01-25,RTX 3070
0,NVIDIA GeForce RTX 3070 Founders Edition,400.0,2023-01-25,RTX 3070
1,GIGABYTE GeForce RTX 3070 Ti GAMING OC 8G 8GB GDDR6X Grafikkarte (GV-N307TGAMING,500.0,2023-01-25,RTX 3070
2,GIGABYTE GeForce RTX 3070 EAGLE OC 8GB GDDR6 Grafikkarte (GV-N3070EAGLE OC-8GD),400.0,2023-01-25,RTX 3070
3,MSI Nvidia Geforce RTX 3070 Gaming X Trio 8GB GDDR6,480.0,2023-01-25,RTX 3070
4,ASUS ROG Strix GeForce RTX 3070 OC 8GB GDDR6 Grafikkarte,600.0,2023-01-25,RTX 3070
5,Zotac Gaming GeForce RTX 3070 Ti Trinity OC 8GB GDDR6X - Zustand sehr gut,579.0,2023-01-25,RTX 3070
6,Inno3D GEFORCE RTX 3070 TWIN X2 OC NVIDIA 8 GB GDDR6,378.0,2023-01-25,RTX 3070
7,!Umverpackung! Einer Geforce RTX 3070 8Gb GDDR6 Deko Super Zustand Siehe Bilder ,24.95,2023-01-25,RTX 3070
8,GIGABYTE GeForce RTX 3070 EAGLE OC 8GB GDDR6 Grafikkarte (GV-N3070EAGLE OC-8GD),400.0,2023-01-24,RTX 3070
9,Inno3D GEFORCE RTX 3070 TWIN X2 OC NVIDIA 8 GB GDDR6,378.0,2023-01-24,RTX 3070
10,"RTX 3070Ti GamingPro mit RGB, fast wie neu, voll funktionsf√§hig 8gb",505.0,2023-01-24,RTX 3070
11,"MSI GeForce RTX‚Ñ¢ 3070 Ti GAMING X TRIO 8GB LHR (V505-009R) (NVIDIA, Grafikkarte)",759.99,2023-01-24,RTX 3070
12,ASUS GeForce RTX 3070 DUAL OC 8GB GDDR6 Grafikkarte,430.0,2023-01-24,RTX 3070
13,ASUS ROG Strix GeForce RTX 3070 Ti OC,821.98,2023-01-24,RTX 3070
14,MSI RTX 3070 GAMING X TRIO 8GB GDDR6 Wie Neu+ OVP + Rechnung,430.0,2023-01-23,RTX 3070
15,GIGABYTE GeForce RTX 3070 VISION OC 8‚ÄéGB GDDR6 Grafikkarte,399.99,2023-01-23,RTX 3070
16,GIGABYTE GeForce RTX 3070 Ti GAMING OC 8G 8GB GDDR6X Grafikkarte (GV-N307TGAMING,500.0,2023-01-23,RTX 3070
17,GIGABYTE GeForce RTX 3070 Ti GAMING OC 8G 8GB GDDR6X Grafikkarte (GV-N307TGAMING,505.0,2023-01-23,RTX 3070
18,NVIDIA GeForce RTX 3070 Founders Edition 8GB GDDR6 GDDR6 Grafikkarte,411.0,2023-01-23,RTX 3070
19,"ASUS GeForce RTX‚Ñ¢ 3070 Dual OC 8GB V2 LHR 90YV0FQC-M0NA00 (NVIDIA, Grafikkarte)",589.0,2023-01-23,RTX 3070
20,PNY GeForce RTX 3070 8GB GDDR6 Grafikkarte / DEFEKT,301.0,2023-01-23,RTX 3070
21,MSI GeForce RTX 3070 VENTUS 2X OC 8GB GDDR6 Grafikkarte,395.0,2023-01-23,RTX 3070
22,Asus ROG Strix GeForce RTX 3070 OC 8GB GDDR6 G-Sync - Zustand sehr gut,455.0,2023-01-23,RTX 3070
23,MSI GeForce RTX 3070 Ventus 3X OC LHR 8GB GDDR6 Grafikkarte,441.0,2023-01-23,RTX 3070
24,ZOTAC GAMING GeForce RTX 3070 Twin Edge OC 8GB GDDR6 Grafikkarte,429.0,2023-01-22,RTX 3070
25,ASUS TUF Gaming GeForce RTX 3070 8‚ÄéGB GDDR6 Grafikkarte,416.0,2023-01-22,RTX 3070
26,Nvidia GeForce RTX 3070 Founders Edition,413.0,2023-01-22,RTX 3070
27,GIGABYTE AORUS GeForce RTX 3070 8GB GDDR6 Grafikkarte (GV-N3070AORUS M-8GD),530.0,2023-01-22,RTX 3070
28,ASUS GeForce RTX 3070 DUAL 8GB GDDR6 Grafikkarte,404.0,2023-01-22,RTX 3070
29,msi geforce rtx 3070 suprim x,580.0,2023-01-22,RTX 3070
30,EVGA GeForce RTX 3070 XC3 ULTRA GAMING 8GB GDDR6 Grafikkarte,415.0,2023-01-22,RTX 3070
31,NVIDIA GeForce RTX 3070 Founders Edition 8GB GDDR6 Grafikkarte inkl. OVP TOP,412.0,2023-01-22,RTX 3070
32,MSI GeForce RTX‚Ñ¢ 3070 Ti SUPRIM X 8G,506.0,2023-01-22,RTX 3070
33,GIGABYTE GeForce RTX 3070  GAMING OC 8G 8GB,402.0,2023-01-22,RTX 3070
34,GIGABYTE GeForce RTX 3070 EAGLE OC 8GB GDDR6 Grafikkarte (GV-N3070EAGLE OC-8GD),418.0,2023-01-22,RTX 3070
35,"NVIDIA GeForce RTX 3070 Founders Edition, kaum benutzt, Restgarantie + Rechnung",540.0,2023-01-22,RTX 3070
36,ZOTAC Geforce RTX 3070 AMP HOLO 8GB NVIDIA Grafikkarte,445.0,2023-01-22,RTX 3070
37,ASUS TUF Gaming GeForce RTX 3070 Ti OC 8GB GDDR6X Grafikkarte,577.15,2023-01-22,RTX 3070
38,"Palit GeForce RTX 3070 GameRrock 8GB GDDR6 Grafikkarte, LHR",381.0,2023-01-22,RTX 3070
39,EVGA GeForce Nvidia RTX 3070 FTW3 ULTRA 8GB GDDR6 Non LHR Grafikkarte,449.0,2023-01-22,RTX 3070
40,ASUS Turbo GeForce RTX 3070 8GB GDDR6 NON LHR Grafikkarte,381.0,2023-01-22,RTX 3070
41,NVIDIA GeForce RTX 3070 Founders Edition 8GB GDDR6 Grafikkarte OVP guter Zustand,499.0,2023-01-22,RTX 3070
42,GIGABYTE GeForce RTX 3070 GAMING OC 8GB GDDR6,402.0,2023-01-22,RTX 3070
43,Asus Geforce RTX 3070 Dual OC ‚Ä¢ NUR die OVP!,9.9,2023-01-22,RTX 3070
44,EVGA GeForce RTX 3070 XC3 ULTRA GAMING 8GB GDDR6 Grafikkarte,450.0,2023-01-22,RTX 3070
45,Zotac Gaming GeForce RTX 3070 Twin Edge OC LHR 8GB 256Bit GDDR6,415.0,2023-01-22,RTX 3070
46,"ASUS ROG Strix RTX 3070Ti OC Gaming Grafikkarte 8GB GDDR6X, 2xHDMI, 3xDP",680.0,2023-01-21,RTX 3070
47,"ASUS GeForce RTX‚Ñ¢ 3070 Dual OC 8GB V2 LHR (90YV0FQC-M0NA00) (NVIDIA, Grafikkarte",599.0,2023-01-21,RTX 3070
48,KFA2 GeForce RTX 3070 Ti SG (1-Click OC) 8GB GDDR6X Grafikkarte,600.01,2023-01-21,RTX 3070
49,GIGABYTE GeForce RTX 3070 GAMING OC 8GB GDDR6 Grafikkarte,436.0,2023-01-21,RTX 3070
50,GeForce RTX‚Ñ¢ 3070 VISION OC 8G (Verhandlungsbasis 800‚Ç¨) VB,800.0,2023-01-21,RTX 3070
51,Gigabyte GeForce RTX 3070 Vision OC 8GB V2 LHR Grafikkarte GV-N3070VISION OC-8GD,505.0,2023-01-21,RTX 3070
52,MSI GEFORCE RTX 3070 TI VENTUS 3X GRAFIKKARTE gebraucht neuwertiger Zustand,485.51,2023-01-21,RTX 3070
53,Gainward GeForce RTX 3070 Phoenix 8GB GDDR6 Grafikkarte,430.0,2023-01-21,RTX 3070
54,MSI GeForce RTX 3070 GAMING Z TRIO 8GB | non LHR¬†,414.0,2023-01-21,RTX 3070
55,"ZOTAC GeForce RTX 3070 Ti Trinity 8GB 256 Bit GDDR6X Grafikkarte, wie neu!",500.0,2023-01-21,RTX 3070
56,+++ NVIDIA  RTX 3070  8GB +++ non LHR +++,455.0,2023-01-21,RTX 3070
57,ASUS TUF Gaming GeForce RTX 3070 Ti OC 8GB GDDR6X Grafikkarte TOP,549.0,2023-01-21,RTX 3070
58,MSI GeForce RTX 3070 SUPRIM 8GB GDDR6 Grafikkarte,299.0,2023-01-21,RTX 3070
59,"OVP MSI GeForce RTX 3070 Ti Gaming Trio X, ohne Grafikkarte",71.0,2023-01-21,RTX 3070
0,MSI GeForce RTX 3070 Ti GAMING X TRIO 8GB GDDR6X Grafikkarte,559.0,2023-01-20,RTX 3070
1,MSI GeForce RTX 3070 VENTUS 2X OC 8GB GDDR6 Grafikkarte,394.01,2023-01-20,RTX 3070
2,8GB MSI GeForce RTX 3070 GAMING Z TRIO LHR DDR | Rechnung,421.0,2023-01-20,RTX 3070
3,MSI Nvidia Geforce RTX 3070 Gaming X Trio 8GB GDDR6,530.0,2023-01-20,RTX 3070
4,Nvidia GeForce RTX 3070 Founders Edition,403.0,2023-01-20,RTX 3070
5,GIGABYTE GeForce RTX 3070 Ti GAMING OC 8G 8GB GDDR6X Grafikkarte (GV-N307TGAMING,505.0,2023-01-20,RTX 3070
6,HP NVIDIA GeForce RTX 3070  OEM Grafikkarte 8Gb GDDR6 /,381.0,2023-01-20,RTX 3070
7,HP NVIDIA GeForce RTX 3070  OEM Grafikkarte 8Gb GDDR6,388.0,2023-01-20,RTX 3070
8,ASUS GeForce RTX 3070 ROG STRIX 8GB GDDR6 Grafikkarte Non LHR,580.0,2023-01-20,RTX 3070
9,Palit GeForce RTX 3070 GamingPro 8GB GDDR6 Grafikkarte - Zustand: Sehr Gut,425.0,2023-01-20,RTX 3070
10,MSI GeForce RTX 3070 SUPRIM 8GB GDDR6 Grafikkarte NICHT LHR,431.0,2023-01-20,RTX 3070
11,ASUS ROG Strix GeForce RTX 3070 TI 8GB OC Edition Gaming Grafikkarte,774.99,2023-01-20,RTX 3070
12,MSI GeForce RTX 3070 SUPRIM 8GB GDDR6 Grafikkarte,339.0,2023-01-20,RTX 3070
13,ASUS  DUAL OC RTX 3070 LHR RGB V2 8-GB-DDR6 OVP TOP GAMING-GRAFIK !!!,401.0,2023-01-20,RTX 3070
14,"ASUS ROG Strix RTX 3070Ti OC Gaming Grafikkarte 8GB GDDR6X, 2xHDMI, 3xDP",822.93,2023-01-20,RTX 3070
15,NVIDIA GeForce RTX 3070 Founders Edition 8GB GDDR6 GDDR6 Grafikkarte,412.51,2023-01-20,RTX 3070
16,MSI Geforce RTX3070 Ventus OC Edition 8GB GDDR6 - incl. OVP,382.0,2023-01-20,RTX 3070
17,RTX 3070 MSI Suprim X Grafikkarte *Neuwertig*,530.0,2023-01-20,RTX 3070
18,GIGABYTE GeForce RTX 3070 Ti GAMING OC 8G 8GB GDDR6X Grafikkarte (GV-N307TGAMING,555.0,2023-01-19,RTX 3070
19,NVIDIA GeForce RTX 3070 Ti Founders Edition 8GB GDDR6X Grafikkarte,422.51,2023-01-19,RTX 3070
20,MSI GeForce RTX 3070 GAMING X TRIO 8GB GDDR6 Grafikkarte,469.0,2023-01-19,RTX 3070
21,MSI GeForce RTX 3070 VENTUS 3X OC 8GB GDDR6 Grafikkarte,439.0,2023-01-19,RTX 3070
22,EVGA GeForce RTX 3070 FTW3 ULTRA 8GB GDDR6 Grafikkarte,450.0,2023-01-19,RTX 3070
23,NVIDIA GeForce RTX 3070 Ti Founders Edition 8GB GDDR6X Grafikkarte + Rechnung,599.0,2023-01-19,RTX 3070
24,Colorful GeForce RTX 3070 Non-LHR (N3070-806-SI2) Graphics Card,389.0,2023-01-19,RTX 3070
25,MSI GeForce RTX 3070 GAMING X TRIO 8GB GDDR6 Grafikkarte,450.0,2023-01-19,RTX 3070
26,EVGA GeForce Nvidia RTX 3070 FTW3 ULTRA 8GB GDDR6 Non LHR Grafikkarte,449.0,2023-01-19,RTX 3070
27,GIGABYTE GeForce RTX 3070 Ti GAMING OC 8G 8GB GDDR6X Grafikkarte (GV-N307TGAMING,555.0,2023-01-19,RTX 3070
28,Palit GeForce RTX 3070 GamingPro 8GB GDDR6 Grafikkarte - Zustand: Sehr Gut,425.0,2023-01-19,RTX 3070
29,EVGA GeForce Nvidia RTX 3070 FTW3 ULTRA 8GB GDDR6 Non LHR Grafikkarte,449.0,2023-01-19,RTX 3070
30,üå∂ NVIDIA GeForce RTX 3070m 8 GB GDDR6 VRAM Grafikkarte *Desktop-Mashup*,380.0,2023-01-19,RTX 3070
31,"Gainward NVIDIA GeForce RTX 3070 Phoenix ""GS"" 8GB GDDR6 Non LHR Grafikkarte",419.0,2023-01-19,RTX 3070
32,"MSI GeForce RTX 3070 GAMING Z TRIO LHR, Grafikkarte",670.85,2023-01-18,RTX 3070
33,GIGABYTE AORUS GeForce RTX 3070 Ti Master ,600.0,2023-01-18,RTX 3070
34,Nvidia GeForce RTX 3070 MSI VENTUS 2X OC 8GB GDDR6 Grafikkarte Top Zustand,429.0,2023-01-18,RTX 3070
35,ASUS GeForce RTX 3070 DUAL OC 8GB GDDR6 in der OVP¬†,376.59,2023-01-18,RTX 3070
36,GIGABYTE GeForce RTX 3070 Ti VISION OC 8G 8GB GDDR6 Grafikkarte...,515.0,2023-01-18,RTX 3070
37,Palit GeForce RTX 3070 JetStream V1 LHR 8GB GDDR6 G-Sync - Zustand sehr gut ,499.0,2023-01-18,RTX 3070
38,ASUS TUF Gaming GeForce RTX 3070 8‚ÄéGB GDDR6 Grafikkarte,450.0,2023-01-18,RTX 3070
39,MSI GeForce RTX 3070 VENTUS 3X OC 8GB GDDR6 Grafikkarte,429.0,2023-01-18,RTX 3070
40,KFA2 GeForce RTX‚Ñ¢ 3070 EX 1-Click OC 8GB Non-LHR (NVIDIA),445.0,2023-01-18,RTX 3070
41,Palit GeForce RTX 3070 GamingPro OC 8GB GDDR6 Grafikkarte *H√ÑNDLER*,449.0,2023-01-18,RTX 3070
42,MSI Nvidia Geforce RTX 3070 Gaming X Trio 8GB GDDR6  - TOP Zustand,459.0,2023-01-18,RTX 3070
43,MSI GeForce RTX 3070 SUPRIM X 8GB GDDR6 Grafikkarte,431.0,2023-01-18,RTX 3070
44,MSI GeForce RTX 3070 SUPRIM X LHR,481.0,2023-01-17,RTX 3070
45,"GeForce RTX 3070 Ventus 3x, GDDR6, 8GB",371.0,2023-01-17,RTX 3070
46,"GeForce RTX 3070 GDDR6, 8GB",380.0,2023-01-17,RTX 3070
47,GIGABYTE AORUS GeForce RTX 3070 Ti MASTER 8GB GDDR6X Grafikkarte Mit OVP,545.0,2023-01-17,RTX 3070
48,ASUS ROG Strix GeForce RTX 3070 Ti OC 8GB - OVP - 2 Monate alt,650.0,2023-01-17,RTX 3070
49,EVGA GeForce Nvidia RTX 3070 FTW3 ULTRA 8GB GDDR6 Non LHR Grafikkarte,449.0,2023-01-17,RTX 3070
50,"GIGABYTE GeForce RTX 3070 GAMING OC 8GB mit Restgarantie, NP1299 ‚Ç¨",413.0,2023-01-17,RTX 3070
51,GIGABYTE GeForce RTX 3070 VISION OC 8‚ÄéGB GDDR6 Grafikkarte,420.69,2023-01-16,RTX 3070
52,MSI GeForce RTX 3070 VENTUS 3X OC 8GB GDDR6 Grafikkarte,429.0,2023-01-16,RTX 3070
53,MSI GeForce RTX 3070 SUPRIM X 8G GDDR6 LHR G-Sync - Zustand sehr gut ,533.0,2023-01-16,RTX 3070
54,ASUS ROG Strix GeForce RTX 3070 Ti OC 8GB GDDR6X Grafikkarte,549.0,2023-01-16,RTX 3070
55,GIGABYTE GeForce RTX 3070 GAMING OC 8GB GDDR6 Grafikkarte,405.51,2023-01-16,RTX 3070
56,GIGABYTE GeForce RTX 3070 Ti GAMING OC 8GB GDDR6X Grafikkarte,529.0,2023-01-16,RTX 3070
57,"ASUS GeForce RTX‚Ñ¢ 3070 TUF Gaming  OC 8GB V2 LHR (90YV0FQI-M0NA00) (NVIDIA, Graf",659.99,2023-01-16,RTX 3070
58,GIGABYTE AORUS GeForce RTX 3070 Master ,412.0,2023-01-16,RTX 3070
59,"Gainward NVIDIA GeForce RTX 3070 Phoenix ""GS"" 8GB GDDR6 Non LHR Grafikkarte",419.0,2023-01-15,RTX 3070
0,GIGABYTE GeForce RTX 3070 Ti GAMING OC 8GB GDDR6X Grafikkarte,529.0,2023-01-16,RTX 3070
1,"ASUS GeForce RTX‚Ñ¢ 3070 TUF Gaming  OC 8GB V2 LHR (90YV0FQI-M0NA00) (NVIDIA, Graf",659.99,2023-01-16,RTX 3070
2,GIGABYTE AORUS GeForce RTX 3070 Master ,412.0,2023-01-16,RTX 3070
3,"Gainward NVIDIA GeForce RTX 3070 Phoenix ""GS"" 8GB GDDR6 Non LHR Grafikkarte",419.0,2023-01-15,RTX 3070
4,MSI GeForce RTX 3070 GAMING X TRIO 8GB GDDR6 Grafikkarte Neu inkl. Rechnung MwSt,598.18,2023-01-15,RTX 3070
5,Asus Rog Strix Geforce RTX 3070   8GB ,511.66,2023-01-15,RTX 3070
6,NVIDIA RTX 3070 8GB ZOTAC Gaming Twin Edge Dual Fan Grafikkarte incl OVP Non-LHR,422.0,2023-01-15,RTX 3070
7,ZOTAC GAMING GeForce RTX 3070 Twin Edge OC 8GB GDDR6 Grafikkarte,431.0,2023-01-15,RTX 3070
8,ASUS GeForce RTX 3070 DUAL OC 8GB GDDR6 Grafikkarte,420.0,2023-01-15,RTX 3070
9,ASUS TUF Gaming GeForce RTX 3070 8‚ÄéGB GDDR6 Grafikkarte,421.0,2023-01-15,RTX 3070
10,GIGABYTE AORUS GeForce RTX 3070 Master ,472.0,2023-01-15,RTX 3070
11,NVIDIA GeForce RTX 3070 Founders Edition 8GB GDDR6 GDDR6 Grafikkarte,471.0,2023-01-15,RTX 3070
12,MSI GeForce RTX 3070 Ventus 2X OC 8GB GDDR6 GPU Grafikkarte,492.0,2023-01-15,RTX 3070
13,Gigabyte Geforce RTX 3070 Ti Eagle OC 8G Topzustand! Rechnung von 07 2022 in OVP,510.0,2023-01-15,RTX 3070
14,NVIDIA GeForce RTX 3070 Founders Edition 8GB GDDR6 GDDR6 Grafikkarte,421.0,2023-01-15,RTX 3070
15,GIGABYTE GeForce RTX 3070 GAMING OC 8GB GDDR6 mit Garantieverl√§ngerung 4 Jahre,480.0,2023-01-15,RTX 3070
16,ASUS TUF Gaming GeForce RTX 3070 Ti 8GB GDDR6X Grafikkarte,481.0,2023-01-15,RTX 3070
17,NVIDIA GeForce RTX 3070 Ti Founders Edition 8GB GDDR6X Grafikkarte,505.0,2023-01-15,RTX 3070
18,MSI GeForce RTX 3070 VENTUS 3X OC 8GB - Garantie - neuwertiger Zustand - OVP,418.0,2023-01-15,RTX 3070
19,GIGABYTE GeForce RTX 3070 Ti GAMING OC 8GB GDDR6X Grafikkarte,509.0,2023-01-15,RTX 3070
20,"ASUS Dual GeForce RTX 3070 OC 8GB GDDR6, 2x HDMI, 3x DP  Keine LHR Version",422.0,2023-01-15,RTX 3070
21,ASUS GeForce RTX 3070 DUAL OC 8GB GDDR6 in der OVP¬†,382.0,2023-01-15,RTX 3070
22,Gainward GeForce RTX 3070 Phoenix GS 8GB GDDR6 Grafikkarte,412.0,2023-01-15,RTX 3070
23,NVIDIA GeForce RTX 3070 Founders Edition 8GB GDDR6 GDDR6 Grafikkarte,512.99,2023-01-15,RTX 3070
24,MSI (Gebraucht) Grafikkarte RTX3070TI Gaming X Trio 8G LHR,487.0,2023-01-15,RTX 3070
25,Inno3D GeForce RTX 3070 iChill X3 8GB OC VERSIEGELT RECHNUNG Nvidia Grafikkarte,426.0,2023-01-15,RTX 3070
26,"Gigabyte (Gebraucht) Grafikkarte RTX3070TI Gaming OC 8G LHR  ""3""",490.0,2023-01-15,RTX 3070
27,MSI GeForce RTX 3070 VENTUS 3X OC 8GB GDDR6 Grafikkarte,416.0,2023-01-15,RTX 3070
28,EVGA GeForce RTX 3070 Ti FTW3 ULTRA GAMING 8GB GDDR6X Grafikkarte Neuwertig! ,560.0,2023-01-15,RTX 3070
29,Lenovo OEM Nvidia GeForce RTX 3070 8GB GDDR6 Grafikkarte TOP ZUSTAND!,390.59,2023-01-15,RTX 3070
30,MSI Geforce RTX 3070 Ti Suprim X,510.0,2023-01-14,RTX 3070
31,ASUS GeForce RTX 3070 DUAL OC 8GB GDDR6 Grafikkarte,431.0,2023-01-14,RTX 3070
32,KFA2 NVIDIA GeForce RTX 3070 (1-Click OC) 8GB GDDR6 Grafikkarte,366.0,2023-01-14,RTX 3070
33,ZOTAC GAMING GeForce RTX 3070 Twin Edge 8GB GDDR6 Grafikkarte Nvidia,401.0,2023-01-14,RTX 3070
34,Nvidia GeForce Msi RTX 3070 Gaming X Trio 8GB GDDR6,425.0,2023-01-14,RTX 3070
35,ASUS ROG Strix RTX 3070 8GB Wie Neu+OVP+Rechnung+Restgarantie,485.0,2023-01-14,RTX 3070
36,NVIDIA GeForce RTX 3070 FE Founders Edition 8GB GDDR6,499.0,2023-01-14,RTX 3070
37,*DEFEKT* MSI GeForce RTX 3070 GAMING X TRIO 8GB GDDR6 Grafikkarte,260.0,2023-01-14,RTX 3070
38,GIGABYTE GeForce RTX 3070 GAMING OC 8GB GDDR6 Grafikkarte,451.0,2023-01-14,RTX 3070
39,GIGABYTE GeForce RTX 3070 Ti GAMING OC 8G 8GB GDDR6X Grafikkarte (GV-N307TGAMING,565.0,2023-01-13,RTX 3070
40,Colorful GeForce RTX 3070 Non-LHR (N3070-806-SI2) Graphics Card,389.0,2023-01-13,RTX 3070
41,EVGA RTX 3070 XC3 BLACK GAMING 8GB GDDR6 Grafikkarte,426.0,2023-01-13,RTX 3070
42,MSI GeForce RTX 3070 Ti SUPRIM X 8GB GDDR6X Grafikkarte,780.0,2023-01-13,RTX 3070
43,MSI GeForce RTX 3070 Ti SUPRIM X 8GB GDDR6X Grafikkarte,710.0,2023-01-12,RTX 3070
44,Gigabyte RTX3070 OC Vision in White mit 8 GB und RGB Vision,451.0,2023-01-12,RTX 3070
45,MSI GeForce RTX 3070 SUPRIM 8GB GDDR6 Grafikkarte,449.0,2023-01-12,RTX 3070
46,GIGABYTE GeForce RTX 3070 GAMING OC 8GB GDDR6 Grafikkarte,437.0,2023-01-12,RTX 3070
47,ASUS GeForce RTX 3070 DUAL Gaming 8GB GDDR6 Grafikkarte TOP!,449.0,2023-01-12,RTX 3070
48,"Gainward NVIDIA GeForce RTX 3070 Phoenix ""GS"" 8GB GDDR6 Non LHR Grafikkarte",429.0,2023-01-12,RTX 3070
49,GIGABYTE GeForce RTX 3070 GAMING OC LHR  8 GB OC  Enthusiast Grafikkarte NEU&OVP,539.0,2023-01-12,RTX 3070
50,"ASUS GeForce RTX‚Ñ¢ 3070 Dual OC 8GB V2 LHR (90YV0FQC-M0NA00) (NVIDIA, Grafikkarte",599.0,2023-01-12,RTX 3070
51,ASUS TUF GeForce RTX 3070 TI 8GB OC Version Gaming Grafikkarte,733.9,2023-01-12,RTX 3070
52,"GIGABYTE GeForce RTX 3070 Ti Eagle OC 8G, 8GB GDDR6X Grafikkarte",600.0,2023-01-11,RTX 3070
53,MSI GeForce RTX 3070 Ti VENTUS 3X OC 8GB GDDR6X Grafikkarte,629.0,2023-01-11,RTX 3070
54,"Gainward NVIDIA GeForce RTX 3070 Phoenix ""GS"" 8GB GDDR6 Non LHR Grafikkarte",429.0,2023-01-11,RTX 3070
55,Inno3D GeForce RTX 3070 iChill X3  8 GB OC  High End Grafikkarte (Grafikkarte),1200.0,2023-01-11,RTX 3070
56,NVIDIA GeForce RTX 3070 Ti Founders Edition 8GB GDDR6X Grafikkarte,580.0,2023-01-11,RTX 3070
57,MSI GeForce RTX 3070 Ti Suprim X Aktiv PCIe,800.0,2023-01-11,RTX 3070
58,ASUS GeForce RTX 3070 DUAL OC 8GB GDDR6 Grafikkarte,425.0,2023-01-11,RTX 3070
59,ASUS GeForce RTX‚Ñ¢ 3070 Dual OC 8GB,421.0,2023-01-11,RTX 3070
0,ZOTAC Gaming GeForce RTX 3070Ti  8 GB  High End Grafikkarte (Grafikkarte),759.17,2023-01-11,RTX 3070
1,ASUS ROG Strix GeForce RTX 3070 OC 8GB GDDR6 Grafikkarte,499.0,2023-01-10,RTX 3070
2,Top GIGABYTE GeForce RTX 3070 GAMING OC 8GB GDDR6 Grafikkarte  in OVP Fotos,450.0,2023-01-10,RTX 3070
3,EVGA GeForce RTX 3070 FTW3 ULTRA 8GB GDDR6 Grafikkarte,480.0,2023-01-10,RTX 3070
4,"MSI GeForce RTX 3070 GAMING X TRIO 8GB GDDR6 Grafikkarte, nonLHR",456.0,2023-01-10,RTX 3070
5,MSI GeForce RTX 3070 Ventus 3X OC LHR 8GB GDDR6 Grafikkarte,474.0,2023-01-10,RTX 3070
6,"OVP MSI GeForce RTX 3070 Ti Gaming Trio X, ohne Grafikkarte",81.0,2023-01-10,RTX 3070
7,ASUS TUF Gaming GeForce RTX 3070 Ti OC 8GB GDDR6X Grafikkarte,555.0,2023-01-10,RTX 3070
8,ASUS GeForce RTX 3070 DUAL Gaming 8GB GDDR6 Grafikkarte TOP!,449.0,2023-01-10,RTX 3070
9,NVIDIA GeForce RTX 3070 Founders Edition 8GB RAM GDDR6 Grafikkarte,427.12,2023-01-10,RTX 3070
10,+++ TOP +++ EVGA RTX 3070  8GB +++ non LHR +++,485.0,2023-01-10,RTX 3070
11,MSI Nvidia Geforce RTX 3070Ti Gaming X Trio 8GB GDDR6 NON LHR,555.0,2023-01-10,RTX 3070
12,ASUS ROG Strix GeForce RTX 3070 OC 8GB NON LHR,920.0,2023-01-10,RTX 3070
13,ASUS TUF Gaming GeForce RTX 3070 8‚ÄéGB GDDR6 Grafikkarte,529.0,2023-01-10,RTX 3070
14,MSI Geforce RTX 3070 Suprim 8GB Grafikkarte,463.0,2023-01-10,RTX 3070
15,Inno3D NVIDIA GeForce RTX 3070 iChill X4 LHR 8GB GDDR6 Grafikkarte,411.0,2023-01-09,RTX 3070
16,Grafikkarte MSI Nividia Rtx 3070 8gb GPU ,460.0,2023-01-09,RTX 3070
17,KFA2 GeForce RTX 3070  (1-Click OC) 8GB GDDR6X Grafikkarte,396.0,2023-01-09,RTX 3070
18,Asus Turbo RTX-3070 8G V2 8GB UNBENUTZT,391.0,2023-01-09,RTX 3070
19,MSI GeForce RTX 3070 Ventus 3X OC LHR 8GB GDDR6 Grafikkarte (Nr.3),545.0,2023-01-09,RTX 3070
20,MSI GeForce RTX 3070 SUPRIM 8GB GDDR6 Grafikkarte,449.0,2023-01-09,RTX 3070
21,Gigabyte Aorus Geforce RTX 3070 Rev. 1.1 No LHR ,550.0,2023-01-09,RTX 3070
22,MSI GeForce RTX 3070 Ventus 3X OC LHR 8GB GDDR6 Grafikkarte,435.0,2023-01-09,RTX 3070
23,GIGABYTE AORUS GeForce RTX 3070 8GB GDDR6 Grafikkarte (GV-N3070AORUS M-8GD),540.0,2023-01-09,RTX 3070
24,NVIDIA GeForce RTX 3070 Ti Founders Edition 8GB GDDR6X Grafikkarte,505.0,2023-01-09,RTX 3070
25,Gainward (Gebraucht) Grafikkarte RTX3070 Phantom 8GB,274.9,2023-01-09,RTX 3070
26,NVIDIA GeForce RTX 3070 Founders Edition 8GB GDDR6 FE GDDR6 Grafikkarte,499.0,2023-01-09,RTX 3070
27,GIGABYTE GeForce RTX 3070 GAMING OC 8GB GDDR6 Grafikkarte - WIE NEU!,453.0,2023-01-09,RTX 3070
28,GIGABYTE GIGABYTE Geforce RTX 3070 EAGLE OC 8 GB (GV-N3070EAGLE OC-8GD 2.0) (NVI,599.99,2023-01-09,RTX 3070
29,GIGABYTE GeForce RTX 3070 Ti GAMING OC 8G 8GB GDDR6X Grafikkarte (GV-N307TGAMING,685.0,2023-01-09,RTX 3070
30,ASUS Dual GeForce RTX 3070 OC Edition 8GB GDDR6 Grafikkarte V1,432.0,2023-01-08,RTX 3070
31,GeForce RTX 3070¬†INNO3D  iCHILL X3 8GB GDDR6 Grafikkarte,469.0,2023-01-08,RTX 3070
32,Colorful GeForce RTX 3070 Non-LHR - Wie Neu,360.66,2023-01-08,RTX 3070
33,GIGABYTE GeForce RTX 3070 GAMING OC 8GB GDDR6 Grafikkarte,449.0,2023-01-08,RTX 3070
34,ASUS ROG Strix GeForce RTX 3070 OC 8Gb Grafikkarte mit OVP,528.0,2023-01-08,RTX 3070
35,NVIDIA GeForce RTX 3070 Founders Edition 8GB GDDR6 GDDR6 Grafikkarte,461.0,2023-01-08,RTX 3070
36,NVIDIA GeForce RTX 3070 Ti Founders Edition 8GB GDDR6X Grafikkarte,570.0,2023-01-08,RTX 3070
37,NVIDIA GeForce Dell RTX 3070 OEM  8GB GDDR6 GDDR6 Grafikkarte NON LHR,420.0,2023-01-08,RTX 3070
38,Grafikkarte Gigabyte 8GB D6 Geforce RTX 3070 Gaming OC 8G,455.0,2023-01-08,RTX 3070
39,MSI GeForce RTX 3070 GAMING Z TRIO 8GB GDDR6 Grafikkarte,481.0,2023-01-08,RTX 3070
40,+++ NVIDIA RTX 3070  8GB +++,460.0,2023-01-08,RTX 3070
41,KFA2 GeForce RTX‚Ñ¢ 3070 EX 1-Click OC 8GB Non-LHR (NVIDIA),425.0,2023-01-08,RTX 3070
42,Colorful GeForce RTX 3070 Non-LHR (N3070-806-SI2) Graphics Card,389.0,2023-01-08,RTX 3070
43,MSI GeForce RTX 3070 Ti GAMING X TRIO 8GB GDDR6X Grafikkarte,559.0,2023-01-08,RTX 3070
44,Nvidia PNY GeForce RTX 3070 8GB GDDR6 Grafikkarte,301.0,2023-01-08,RTX 3070
45,‚úÖ Inno3D GeForce RTX 3070 Ti X3 OC¬†‚úÖ ,520.0,2023-01-08,RTX 3070
46,MSI GeForce RTX 3070¬† VENTUS 3X OC 8GB GDDR6 Grafikkarte GEBRAUCHT,450.0,2023-01-08,RTX 3070
47,MSI GeForce RTX 3070 VENTUS 2X OC 8GB GDDR6 Grafikkarte,805.0,2023-01-07,RTX 3070
48,ZOTAC GAMING GeForce RTX 3070 Twin Edge OC White Edition LHR 8GB GDDR6...,429.0,2023-01-07,RTX 3070
49,AORUS GeForce RTX 3070 MASTER 8G,451.0,2023-01-07,RTX 3070
50,Nvidia Geforce RTX 3070 Asus Rog Strix 8GB GDD6R Rechnung/OVP,550.0,2023-01-07,RTX 3070
51,Gainward GeForce RTX 3070 Phoenix 8GB GDDR6 Grafikkarte mit OVP,406.0,2023-01-07,RTX 3070
52,Gainward GeForce RTX 3070 Phoenix 8GB GDDR6 Grafikkarte - Zustand Sehr gut,426.0,2023-01-07,RTX 3070
53,ASUS TUF Gaming GeForce RTX 3070 8‚ÄéGB GDDR6 Grafikkarte,443.0,2023-01-07,RTX 3070
54,NVIDIA GeForce RTX 3070 FE Founders Edition  |‚úÖ NEU OVP‚úÖ|,650.0,2023-01-07,RTX 3070
55,ASUS GeForce RTX‚Ñ¢ 3070 Dual OC 8GB,441.0,2023-01-07,RTX 3070
56,EVGA GeForce RTX 3070 FTW3 ULTRA GAMING (08G-P5-3767-KR) - optisch wie neu,498.0,2023-01-07,RTX 3070
57,ASUS TUF GeForce RTX 3070 8GB GDDR6 OC Edition Grafikkarte - Zustand sehr gut ,497.55,2023-01-07,RTX 3070
58,MSI GeForce RTX 3070 VENTUS 2X OC LHR 8GB GDDR6 Grafikkarte,436.0,2023-01-07,RTX 3070
59,MSI GeForce RTX 3070 SUPRIM X 8G Gaming Grafikkarte RTX 3070 8GB GDDR6X,599.0,2023-01-07,RTX 3070
0,MSI GeForce RTX 3070 GAMING Z TRIO (V390-248R) - Zustand sehr gut,474.0,2023-01-06,RTX 3070
1,ZOTAC GeForce RTX 3070 Twin Edge OC White Edition 8GB GDDR6 Grafikkarte,445.0,2023-01-05,RTX 3070
2,Gainward GeForce RTX 3070 Phoenix 8GB GDDR6 Grafikkarte,420.0,2023-01-05,RTX 3070
3,Nvidia Geforce zotac 3070 rtx twin edge dc gpu grafikkarte,445.0,2023-01-05,RTX 3070
4,B2 KFA2 GeForce RTX‚Ñ¢ 3070 EX 1-Click OC 8GB LHR(37NSL6MD2VXK) (NVIDIA),479.0,2023-01-05,RTX 3070
5,"ASUS ROG Strix GeForce RTX 3070 Gaming OC 8GB GDDR6, 2xHDMI, 3xDP",918.75,2023-01-05,RTX 3070
6,Asus Geforce RTX 3070 8GB Noctua OC Edition (LHR),850.0,2023-01-05,RTX 3070
7,GIGABYTE GeForce RTX 3070 MASTER 8‚ÄéGB GDDR6 Grafikkarte,599.0,2023-01-05,RTX 3070
8,Colorful GeForce RTX 3070 Non-LHR (N3070-806-SI2) Graphics Card,389.0,2023-01-05,RTX 3070
9,GIGABYTE GeForce RTX 3070 GAMING OC 8GB GDDR6 Grafikkarte,449.0,2023-01-05,RTX 3070
10,GIGABYTE AORUS GeForce RTX 3070 Ti Master ,650.0,2023-01-05,RTX 3070
11,ASUS ROG Strix GeForce RTX 3070 OC 8GB GDDR6 Grafikkarte,499.0,2023-01-05,RTX 3070
12,Gigabyte Aorus Geforce RTX 3070 Rev. 1.1 No LHR ,550.0,2023-01-05,RTX 3070
13,MSI GeForce RTX 3070 SUPRIM 8GB GDDR6 Grafikkarte,520.0,2023-01-05,RTX 3070
14,ASUS ROG-STRIX-RTX3070TI-O8G-GAMING,599.0,2023-01-04,RTX 3070
15,ASUS GeForce RTX 3070 DUAL OC 8GB GDDR6 Grafikkarte NEU und OVP,456.0,2023-01-04,RTX 3070
16,MSI Geforce RTX 3070 Ti Suprim X,622.0,2023-01-04,RTX 3070
17,Inno3D GeForce RTX 3070 TI X3 OC 8GB GDDR6X Grafikkarte + Rechnung vom 06.05.22!,537.0,2023-01-04,RTX 3070
18,Nvidia rtx 3070 founders edition (OVP mit Kabel),480.0,2023-01-04,RTX 3070
19,NVIDIA GeForce RTX 3070 Founders Edition 8GB GDDR6 GDDR6 Grafikkarte no LHR,440.0,2023-01-04,RTX 3070
20,"EVGA GeForce RTX 3070 XC3 ULTRA GAMING PCIe, 1x HDMI 2.1, 3x Displayport 1.4",562.22,2023-01-04,RTX 3070
21,ZOTAC NVIDIA GeForce RTX 3070 Ti Trinity  8GB GDDR6X Grafikkarte...,496.0,2023-01-04,RTX 3070
22,EVGA RTX 3070 Ti FTW3 Ultra - OVP + 24months warranty left,549.0,2023-01-04,RTX 3070
23,GIGABYTE RTX 3070 VISION OC 8‚ÄéGB GDDR6 Grafikkarte üî• 3 Jahre Garantie WIE NEUüî•,600.0,2023-01-04,RTX 3070
24,ASUS TUF Gaming GeForce RTX 3070 8‚ÄéGB GDDR6 Grafikkarte,429.0,2023-01-04,RTX 3070
25,PNY Manli Twin (LHR) GeForce RTX 3070 Graphics Card,850.0,2023-01-04,RTX 3070
26,NVIDIA GeForce RTX 3070 Ti Founders Edition Rechner / PC,1099.99,2023-01-04,RTX 3070
27,EVGA GeForce RTX 3070 XC3 ULTRA 8GB GDDR6,340.0,2023-01-03,RTX 3070
28,Nvidia Gigabyte GeForce RTX 3070 Gaming OC 8 GB GDDR6 Grafikkarte,550.0,2023-01-03,RTX 3070
29,MSI RTX 3070 SUPRIM 8GB -Nvidia Geforce mit Rechnung und Garantie,549.9,2023-01-03,RTX 3070
30,Geforce RTX 3070 Suprim 8GB - MSI - mit Rechung und Garantie ,520.0,2023-01-03,RTX 3070
31,MSI GeForce RTX 3070 VENTUS 2X OC 8GB GDDR6 Grafikkarte in OVP - Bestzustand!,499.0,2023-01-03,RTX 3070
32,"MSI GeForce RTX 3070 GAMING X TRIO 8GB GDDR6 Grafikkarte, nonLHR",436.0,2023-01-03,RTX 3070
33,"KFA2 KFA2 GeForce RTX‚Ñ¢ 3070 TI 1-Click OC 8GB (37ISM6MD4COK) (NVIDIA, Grafikkart",689.99,2023-01-03,RTX 3070
34,ASUS TUF GeForce RTX 3070 TI 8GB Gaming Grafikkarte,799.9,2023-01-03,RTX 3070
35,MSI GeForce RTX 3070 SUPRIM X 8GB GDDR6 Grafikkarte,605.0,2023-01-03,RTX 3070
36,GIGABYTE GeForce RTX 3070 GAMING OC 8GB GDDR6 Grafikkarte¬†,460.0,2023-01-03,RTX 3070
37,Inno3D NVIDIA GeForce RTX 3070 iChill X4 LHR 8GB GDDR6 Grafikkarte,445.0,2023-01-03,RTX 3070
38,ASUS TUF Gaming OC GeForce RTX 3070 8‚ÄéGB GDDR6 Grafikkarte,520.0,2023-01-03,RTX 3070
39,GIGABYTE GeForce RTX 3070 GAMING OC 8GB GDDR6 Grafikkarte,431.0,2023-01-03,RTX 3070
40,GIGABYTE GeForce RTX 3070 Ti Gaming OC 8GB GDDR6X 2x HDMI 2x Displayport,778.22,2023-01-03,RTX 3070
41,HP NVIDIA GeForce RTX 3070  OEM Grafikkarte 8Gb GDDR6,489.0,2023-01-03,RTX 3070
42,GIGABYTE GeForce RTX 3070 GAMING OC 8GB GDDR6 Grafikkarte NVIDIA,451.0,2023-01-03,RTX 3070
43,ASUS GeForce RTX 3070 DUAL OC 8GB GDDR6 Grafikkarte,386.22,2023-01-03,RTX 3070
44,EVGA XC3 ULTRA  RTX 3070 Grafikkarte/besser als 2070/3060/Ti/2080 super/1080 ti,477.77,2023-01-03,RTX 3070
45,ASUS ROG Strix GeForce RTX 3070 OC 8GB GDDR6 Grafikkarte,599.0,2023-01-03,RTX 3070
46,Geforce RTX 3070 Suprim 8GB - MSI - mit Rechung und Garantie ,520.0,2023-01-03,RTX 3070
47,Nvidia rtx 3070 founders edition (OVP mit Kabel),480.0,2023-01-03,RTX 3070
48,"Gigabyte GeForce RTX 3070 Eagle OC R2.0 8GB GDDR6 Grafikkarte 2xHDMI, 2xDP",656.0,2023-01-03,RTX 3070
49,Gigabyte GeForce RTX 3070 Eagle OC 8G LHR ‚úÖ NEU - NEW ‚úÖ,619.99,2023-01-03,RTX 3070
50,NVIDIA GeForce RTX 3070 Founders Edition FE Grafikkarte NEU & OVP Versiegelt,745.0,2023-01-02,RTX 3070
51,Inno3D GeForce RTX 3070 TI X3 OC 8GB GDDR6X Grafikkarte,552.0,2023-01-02,RTX 3070
52,ASUS ROG Strix GeForce RTX 3070 TI 8GB Gaming Grafikkarte,839.9,2023-01-02,RTX 3070
53,GIGABYTE GeForce RTX 3070 Ti GAMING OC 8GB Grafikkarte,720.0,2023-01-02,RTX 3070
54,Palit Grafikkarte GeForce RTX 3070 Jetstream 8G LHR,449.0,2023-01-02,RTX 3070
55,Palit NVIDIA GeForce RTX 3070Ti GameRock 8GB GDDR6X Grafikkarte ,610.0,2023-01-02,RTX 3070
56,GIGABYTE GeForce RTX 3070 GAMING OC 8GB GDDR6,459.0,2023-01-02,RTX 3070
57,EVGA GeForce RTX 3070 XC3 ULTRA 8GB GDDR6 Grafikkarte,433.0,2023-01-02,RTX 3070
58,"EVGA RTX 3070 FTW3 Ultra Gaming Grafikkarte *FHR, 2021-08, Neuwertig*",530.0,2023-01-02,RTX 3070
59,Nvidia rtx 3070 founders edition (OVP mit Kabel),480.0,2023-01-02,RTX 3070
0,EVGA GeForce RTX 3070 XC3 ULTRA 8GB GDDR6 Grafikkarte,433.0,2023-01-02,RTX 3070
1,"EVGA RTX 3070 FTW3 Ultra Gaming Grafikkarte *FHR, 2021-08, Neuwertig*",530.0,2023-01-02,RTX 3070
2,Nvidia rtx 3070 founders edition (OVP mit Kabel),480.0,2023-01-02,RTX 3070
3,ASUS GeForce RTX 3070 DUAL OC 8GB GDDR6 Grafikkarte,449.0,2023-01-02,RTX 3070
4,ASUS ROG STRIX GeForce RTX 3070 TI GAMING OC 8GB OC Enthusiast Grafikkarte,649.0,2023-01-02,RTX 3070
5,Gainward GeForce RTX 3070 Phoenix 8GB GDDR6 Grafikkarte - Rechnung 06.09.2022,414.89,2023-01-02,RTX 3070
6,"KFA2 KFA2 GeForce RTX‚Ñ¢ 3070 TI EX 1-Click OC 8GB (37ISM6MD4DEK) (NVIDIA, Grafikk",699.99,2023-01-02,RTX 3070
7,GIGABYTE AORUS GeForce RTX 3070 MASTER 8GB Grafikkarte,452.0,2023-01-02,RTX 3070
8,ASUS GeForce RTX 3070 Ti OC 8GB GDDR6X¬†TUF Gaming ,529.0,2023-01-02,RTX 3070
9,MSI Ventus 3X GeForce RTX 3070 8GB GDDR6 OC LHR,431.01,2023-01-01,RTX 3070
10,GIGABYTE GeForce RTX 3070 Ti GAMING OC 8G 8GB GDDR6X Grafikkarte (GV-N307TGAMING,565.0,2023-01-01,RTX 3070
11,GIGABYTE GeForce RTX 3070 EAGLE OC gebraucht,452.0,2023-01-01,RTX 3070
12,ZOTAC GAMING GeForce RTX 3070 Twin Edge OC 8GB GDDR6 Grafikkarte,381.0,2023-01-01,RTX 3070
13,GIGABYTE GeForce RTX 3070 MASTER 8‚ÄéGB GDDR6 Grafikkarte,500.0,2023-01-01,RTX 3070
14,NVIDIA RTX 3070 8GB ZOTAC Gaming Twin Edge Dual Fan Grafikkarte incl OVP Non-LHR,421.0,2023-01-01,RTX 3070
15,ASUS GeForce RTX 3070 DUAL OC 8GB GDDR6 Grafikkarte,452.0,2023-01-01,RTX 3070
16,NVIDIA GeForce RTX 3070 Founders Edition 8GB GDDR6 GDDR6 Grafikkarte,433.5,2023-01-01,RTX 3070
17,ZOTAC Gaming GeForce RTX 3070 AMP Holo 8GB GDDR6 / GPU Grafikkarte,429.0,2023-01-01,RTX 3070
18,NVIDIA GeForce RTX 3070 Founders Edition 8GB GDDR6 GDDR6 Grafikkarte,452.0,2023-01-01,RTX 3070
19,GIGABYTE GeForce RTX 3070 GAMING OC 8GB GDDR6 Grafikkarte,436.0,2023-01-01,RTX 3070
20,GIGABYTE GeForce RTX 3070 MASTER 8‚ÄéGB GDDR6 Grafikkarte,451.0,2023-01-01,RTX 3070
21,ASUS TUF Gaming GeForce RTX 3070 OC 8GB GDDR6 Grafikkarte,457.0,2023-01-01,RTX 3070
22,MSI GeForce RTX 3070 GAMING TRIO 8GB GDDR6 Grafikkarte,438.87,2022-12-31,RTX 3070
23,GIGABYTE GeForce RTX 3070 GAMING OC 8GB GDDR6 Grafikkarte - 1 TAG AUKTION -,443.87,2022-12-31,RTX 3070
24,KFA2 GeForce RTX 3070 Ti SG (1-Click OC) 8GB GDDR6X Grafikkarte,600.0,2022-12-31,RTX 3070
25,ASUS ROG STRIX GeForce RTX 3070 TI GAMING OC 8GB OC Enthusiast Grafikkarte,649.0,2022-12-31,RTX 3070
26,ZOTAC NVIDIA GeForce RTX 3070 TWIN EDGE OC LHR 8GB ZT-A30700H-10PLHR HDMI 3x DP,507.0,2022-12-31,RTX 3070
27,Palit GeForce RTX 3070 GamingPro OC 8GB inkl. Rechnung & Garantie Neuwertig,466.0,2022-12-31,RTX 3070
28,Geforce RTX 3070 Suprim 8GB - MSI - mit Rechung und Garantie ,500.0,2022-12-31,RTX 3070
29,ASUS ROG Strix GeForce RTX 3070 TI 8GB Gaming Grafikkarte,1007.9,2022-12-31,RTX 3070
30,GIGABYTE GeForce RTX 3070 MASTER 8‚ÄéGB GDDR6 Grafikkarte,530.81,2022-12-30,RTX 3070
31,Gigabyte AORUS GeForce RTX 3070 Master 8GB Grafikkarte - Zustand sehr gut  ,549.0,2022-12-30,RTX 3070
32,NVIDIA GeForce RTX 3070 Ti Founders Edition 8GB GDDR6X Grafikkarte GPU,555.0,2022-12-30,RTX 3070
33,ASUS GeForce RTX 3070 DUAL Gaming 8GB GDDR6 Grafikkarte TOP!,419.0,2022-12-30,RTX 3070
34,ZOTAC Gaming GeForce RTX 3070 AMP Holo 8GB GDDR6 / GPU Grafikkarte,429.0,2022-12-30,RTX 3070
35,ASUS ROG Strix Nvidia GeForce RTX 3070 V2 8GB OC Gaming Grafikkarte (Lite Hash ,1899.0,2022-12-30,RTX 3070
36,ASUS RTX 3070 DUAL 08GB GDDR6 256bit HDMI 3*DP PCI-E4.0,499.95,2022-12-29,RTX 3070
37,Palit GeForce RTX 3070 Jetstream OC V1 Grafikkarte - Zustand Sehr gut ,475.0,2022-12-29,RTX 3070
38,ASUS ROG Strix GeForce RTX 3070 V2 OC - Gaming Grafikkarte - nur 9 Monate jung !,560.0,2022-12-29,RTX 3070
39,ASUS GeForce RTX 3070 DUAL OC 8GB GDDR6 Grafikkarte - Zustand Sehr gut,471.0,2022-12-29,RTX 3070
40,"INNO3D GeForce RTX 3070 Ti X3 Grafikkarte - 8GB GDDR6X, HDMI, 3x DP",687.99,2022-12-29,RTX 3070
41,EVGA GeForce RTX 3070 XC3 ULTRA GAMING 8GB GDDR6 Grafikkarte 2 Jahre Garantie!,456.0,2022-12-29,RTX 3070
42,NVIDIA GeForce RTX 3070 Founders Edition 8GB GDDR6 GDDR6 Grafikkarte,500.0,2022-12-29,RTX 3070
43,AORUS GeForce RTX 3070 Master || OVP || no LHR,470.0,2022-12-29,RTX 3070
44,NVIDIA GeForce RTX 3070 Founders Edition 8GB GDDR6 GDDR6 Grafikkarte || OVP,446.0,2022-12-29,RTX 3070
45,NVIDIA GeForce RTX 3070 Founders Edition 8GB GDDR6 GDDR6 Grafikkarte   OVP,447.31,2022-12-29,RTX 3070
46,MSI GeForce RTX 3070 Ventus 2X OC 8GB GDDR6 GPU Grafikkarte,425.0,2022-12-29,RTX 3070
47,NVIDIA GeForce RTX 3070 Founders Edition 8GB GDDR6 Grafikkarte,444.0,2022-12-29,RTX 3070
48,+++ TOP +++ EVGA RTX 3070  8GB +++ non LHR +++,490.0,2022-12-29,RTX 3070
49,ZOTAC NVIDIA GeForce RTX 3070 Twin Edge OC 8GB GDDR6 Grafikkarte...,449.0,2022-12-29,RTX 3070
50,MSI Nvidia Geforce RTX 3070 Gaming X Trio (V390-006R) -  Zustand sehr gut,467.99,2022-12-28,RTX 3070
51,"MSI GeForce RTX 3070 GAMING X TRIO 8GB GDDR6 Grafikkarte, nonLHR",431.0,2022-12-28,RTX 3070
52,GIGABYTE GeForce RTX 3070 GAMING OC 8GB GDDR6 Grafikkarte - Zustand Sehr gut,467.99,2022-12-28,RTX 3070
53,MSI GeForce RTX 3070 VENTUS 3X OC (V390-007R) - Zustand sehr gut,441.0,2022-12-28,RTX 3070
54,Grafikkarte Nividia Rtx 3070 8gb GPU ,426.0,2022-12-28,RTX 3070
55,Grafikkarte Nividia Rtx 3070 8gb GPU ,413.0,2022-12-28,RTX 3070
56,ASUS GeForce RTX 3070 DUAL OC 8GB GDDR6 Grafikkarte,449.0,2022-12-28,RTX 3070
57,"ZOTAC GeForce RTX 3070 Ti Trinity LHR, Grafikkarte",739.43,2022-12-28,RTX 3070
58,ZOTAC GeForce RTX 3070 Twin Edge OC White Edition 8GB GDDR6 Grafikkarte,434.0,2022-12-27,RTX 3070
59,MSI GeForce RTX 3070 Ventus 3X OC LHR 8GB GDDR6 Grafikkarte,420.0,2022-12-27,RTX 3070
0,MSI GeForce RTX 3070 Ventus 3X OC LHR 8GB GDDR6 Grafikkarte,420.0,2022-12-27,RTX 3070
1,NVIDIA GeForce RTX 3070 FE Founders Edition 8GB GDDR6 Grafikkarte + OVP,500.0,2022-12-27,RTX 3070
2,GIGABYTE GeForce RTX 3070 GAMING OC 8GB GDDR6 Grafikkarte,449.0,2022-12-27,RTX 3070
3,EVGA GeForce RTX 3070 XC3 ULTRA 8GB GDDR6 Grafikkarte  - Zustand sehr gut,496.01,2022-12-27,RTX 3070
4,ASUS GeForce RTX 3070 DUAL OC 8GB GDDR6 Grafikkarte NEU und OVP,465.55,2022-12-27,RTX 3070
5,"Gainward GeForce RTX 3070 Phoenix 8GB GDDR6 Grafikkarte, LHR in OVP",519.99,2022-12-27,RTX 3070
6,NVIDIA MSI GeForce RTX 3070 VENTUS 2X OC NON-LHR - Top Zustand mit OVP,459.0,2022-12-27,RTX 3070
7,EVGA GeForce RTX 3070 XC3 ULTRA 8GB GDDR6 Grafikkarte,449.0,2022-12-27,RTX 3070
8,GIGABYTE GeForce RTX 3070 VISION OC 8GB GDDR6X,456.05,2022-12-27,RTX 3070
9,Grafikkarte nvidia rtx 3070. Neu!,461.0,2022-12-27,RTX 3070
10,"ASUS (Gebraucht) Grafikkarte RTX3070TI ROG-STRIX-O8G-Gaming LHR  ""2""",599.9,2022-12-27,RTX 3070
11,GIGABYTE AORUS MASTER RTX 3070 8GB GDDR6 GAMING Grafikkarte,459.0,2022-12-27,RTX 3070
12,ASUS TUF Gaming GeForce RTX 3070 Ti OC 8GB GDDR6X,590.0,2022-12-27,RTX 3070
13,ZOTAC Gaming GeForce RTX 3070 AMP Holo 8GB GDDR6 / GPU Grafikkarte,439.0,2022-12-27,RTX 3070
14,ASUS TUF Gaming GeForce RTX 3070 Ti OC 8GB GDDR6X Grafikkarte Kein Mining,649.99,2022-12-26,RTX 3070
15,NVIDIA GeForce RTX 3070 Ti Founders Edition 8GB GDDR6X Grafikkarte GPU,567.0,2022-12-26,RTX 3070
16,MSI GeForce RTX 3070 SUPRIM 8GB GDDR6 Grafikkarte,501.0,2022-12-26,RTX 3070
17,NVIDIA GeForce RTX 3070 Ti Founders Edition 8GB GDDR6X Grafikkarte,519.0,2022-12-26,RTX 3070
18,NVIDIA GeForce RTX 3070 Founders Edition 8GB GDDR6 GDDR6 Grafikkarte || OVP,406.1,2022-12-26,RTX 3070
19,NVIDIA GeForce RTX 3070 Founders Edition 8GB GDDR6 GDDR6 Grafikkarte   OVP,401.0,2022-12-26,RTX 3070
20,MSI Ventus 3X GeForce RTX 3070 8GB GDDR6 Non-LHR - Gepr√ºfte Gebrauchtware,529.99,2022-12-25,RTX 3070
21,Colorful GeForce RTX 3070 Non-LHR (N3070-806-SI2) Graphics Card,389.0,2022-12-25,RTX 3070
22,GeForce RTX 3070 8GB GDDR6 Grafikkarte Super Zustand,401.0,2022-12-25,RTX 3070
23,GIGABYTE GeForce RTX 3070 MASTER 8‚ÄéGB GDDR6 Grafikkarte,451.0,2022-12-25,RTX 3070
24,ASUS TUF Gaming GeForce RTX 3070 8GB GDDR6X Grafikkarte,401.0,2022-12-25,RTX 3070
25,ASUS ROG Strix GeForce RTX 3070 OC 8GB GDDR6 Grafikkarte - GAMING - RECHNUNG,499.0,2022-12-25,RTX 3070
26,ASUS Dual GeForce RTX 3070 V2 OC Edition 8GB GDDR6 Grafikkarte (90YV0FQC-M0NA00),490.0,2022-12-24,RTX 3070
27,Wie neu! GIGABYTE AORUS GeForce RTX 3070 Master 8G (Rev. 2.0) 8GB Grafikkarte,629.63,2022-12-24,RTX 3070
28,NVIDIA GeForce RTX 3070 Founders Edition 8GB GDDR6 GDDR6 Grafikkarte,436.0,2022-12-24,RTX 3070
29,NVIDIA RTX 3070 (Founders Edition)  -NON-LHR  **NEW & SEALED** ,620.0,2022-12-24,RTX 3070
30,NVIDIA GeForce RTX 3070 Founders Edition 8GB GDDR6 GDDR6 Grafikkarte,456.45,2022-12-24,RTX 3070
31,HP NVIDIA Grafikkarte GeForce RTX 3070 8GB,425.0,2022-12-24,RTX 3070
32,ZOTAC GeForce RTX 3070 Twin Edge OC White Edition 8GB GDDR6 Grafikkarte,389.0,2022-12-24,RTX 3070
33,ASUS ROG STRIX RTX 3070 OC Gaming 8GB GDDR6 Grafikkarte 2,469.0,2022-12-23,RTX 3070
34,PALIT JET STREAM RTX 3070 Gaming 8GB GDDR6 Grafikkarte 4,449.0,2022-12-23,RTX 3070
35,NVIDIA GeForce RTX 3070 Ti Founders Edition 8GB GDDR6X Grafikkarte,570.0,2022-12-23,RTX 3070
36,EVGA XC3 ULTRA RTX 3070 OC 8GB GDDR6 GAMING Grafikkarte,430.0,2022-12-23,RTX 3070
37,Nvidia GIGABYTE GeForce RTX 3070 GAMING OC 8GB GDDR6 Grafikkarte mit OVP,400.0,2022-12-23,RTX 3070
38,Gainward GeForce RTX 3070 Phoenix 8GB GDDR6 Grafikkarte,378.0,2022-12-23,RTX 3070
39,EVGA GeForce RTX 3070 XC3 ULTRA 8GB GDDR6 Grafikkarte. Top Zustand,400.0,2022-12-23,RTX 3070
40,EVGA GeForce RTX 3070 XC3 ULTRA 8GB GDDR6 Grafikkarte. Selten genutzt,412.0,2022-12-23,RTX 3070
41,Gigabyte GeForce RTX 3070 Gaming OC 8G LHR ‚úÖ NEU - NEW ‚úÖ,659.99,2022-12-23,RTX 3070
42,GIGABYTE GeForce RTX 3070 GAMING OC 8GB GDDR6 Grafikkarte,430.0,2022-12-23,RTX 3070
43,"ASUS GeForce RTX 3070 Ti ROG-STRIX GAMING LHR, Grafikkarte",806.42,2022-12-22,RTX 3070
44,ASUS ROG STRIX RTX 3070 OC Gaming 8GB GDDR6 Grafikkarte,469.0,2022-12-22,RTX 3070
45,MSI GeForce RTX 3070 VENTUS 3X OC 8GB GDDR6X Grafikkarte,421.0,2022-12-22,RTX 3070
46,Nvidia GeForce RTX 3070 Ti Founders Edition Grafikkarte - NEU NEW & OVP,679.0,2022-12-22,RTX 3070
47,ZOTAC GeForce RTX 3070 Twin Edge OC White Edition 8GB GDDR6 - NON LHR,500.0,2022-12-22,RTX 3070
48,ZOTAC GeForce RTX 3070 Twin Edge OC White Edition 8GB GDDR6 Grafikkarte PCIe4,401.0,2022-12-22,RTX 3070
49,MSI GeForce RTX 3070 Ti VENTUS 3X OC 8GB GDDR6X Grafikkarte,599.0,2022-12-22,RTX 3070
50,*** NVIDIA GeForce RTX 3070 Ti FE *** Founders Edition ***,585.0,2022-12-22,RTX 3070
51,"Gainward GeForce RTX 3070 Phantom GS Grafikkarte,besser als 3060/Ti/2070/80/1080",444.44,2022-12-22,RTX 3070
52,Colorful GeForce RTX 3070 Non-LHR (N3070-806-SI2) Graphics Card,389.0,2022-12-21,RTX 3070
53,MSI GeForce RTX 3070 Ti GAMING X TRIO 8GB GDDR6X Grafikkarte,600.0,2022-12-21,RTX 3070
54,Palit GeForce RTX 3070 GamingPro 8GB GDDR6 LHR G-Sync Grafikkarte - Zustand gut ,425.0,2022-12-21,RTX 3070
55,NVIDIA ASUS ROG Strix GeForce RTX 3070 Ti OC 8GB GDDR6X Grafikkarte,679.0,2022-12-21,RTX 3070
56,EVGA GeForce RTX 3070 FTW3 ULTRA Grafikkarte TOP Zustand!,520.0,2022-12-21,RTX 3070
57,"Gainward GeForce RTX 3070 Phoenix ""GS"" 8GB GDDR6 Grafikkarte",510.0,2022-12-21,RTX 3070
58,ASUS GeForce RTX 3070 DUAL OC 8GB GDDR6 / Grafikkarte / GPU  / NO LHR,419.0,2022-12-21,RTX 3070
59,GIGABYTE AORUS GeForce RTX 3070 Master || OVP || no LHR,458.85,2022-12-20,RTX 3070
0,Palit Nvidia GeForce RTX 3070 Ti Gaming Pro 8GB GDDR6X Grafikkarte G-Sync OVP¬†,549.99,2022-12-20,RTX 3070
1,EVGA RTX 3070 FTW3 ULTRA Gaming 8GB GDDR6 Grafikkarte 1,469.0,2022-12-20,RTX 3070
2,NVIDIA GeForce RTX 3070 Founders Edition 8GB GDDR6 Grafikkarte - OVP,500.0,2022-12-20,RTX 3070
3,NVIDIA GeForce RTX 3070 Founders Edition 8GB GDDR6 GDDR6 Grafikkarte,467.0,2022-12-19,RTX 3070
4,ASUS GeForce RTX 3070 DUAL OC 8GB GDDR6 Grafikkarte NEU und OVP,446.0,2022-12-19,RTX 3070
5,GIGABYTE GeForce RTX 3070 Vision OC 8GB GDDR6 (Rev. 1.0 = non LHR) TOP Zustand,500.0,2022-12-19,RTX 3070
6,GIGABYTE GeForce RTX 3070 AORUS Master LHR  8 GB OC  Enthusiast Grafikkarte,715.49,2022-12-19,RTX 3070
7,Zotac nvidia gforce rtx 3070 Twin Edge White Edition 8GB,431.0,2022-12-19,RTX 3070
8,Palit Nvidia GeForce RTX 3070 Ti Gaming Pro 8GB GDDR6X Grafikkarte G-Sync OVP¬†,599.0,2022-12-19,RTX 3070
9,MSI GeForce RTX 3070 VENTUS 3X OC 8GB GDDR6 / GPU / NO LHR,439.0,2022-12-19,RTX 3070
10,"Gigabyte GeForce RTX 3070 Ti Gaming OC 8GB , Grafikkarte(2x DisplayPort, 2xHDMI)",620.0,2022-12-19,RTX 3070
11,GIGABYTE GeForce RTX 3070 GAMING OC 8GB GDDR6 Grafikkarte NON LHR,437.0,2022-12-19,RTX 3070
12,ASUS GeForce RTX 3070 DUAL Gaming 8GB GDDR6 Grafikkarte TOP!,419.0,2022-12-19,RTX 3070
13,Palit GeForce RTX 3070 Ti GamingPro 8GB GDDR6X Grafikkarte,519.0,2022-12-18,RTX 3070
14,ZOTAC GeForce RTX 3070 Twin Edge OC White Edition 8GB GDDR6 Grafikkarte,407.0,2022-12-18,RTX 3070
15,"MSI RTX 3070 Gaming X Trio - 8GB Non-LHR, OVP",475.0,2022-12-18,RTX 3070
16,ASUS GeForce RTX 3070 DUAL 8GB GDDR6 Grafikkarte,421.0,2022-12-18,RTX 3070
17,GIGABYTE GeForce RTX 3070 GAMING OC 8GB GDDR6 Grafikkarte(non LHR) Wasserk√ºhlung,411.0,2022-12-18,RTX 3070
18,MSI GeForce RTX 3070 VENTUS 3X Plus 8G OC LHR  8 GB OC  High End Grafikkarte,702.54,2022-12-18,RTX 3070
19,Grafikkarte MSI Nividia Rtx 3070 8gb GPU,451.0,2022-12-18,RTX 3070
20,NVIDIA GeForce RTX 3070 Ti Founders Edition 8GB GDDR6X Grafikkarte,555.0,2022-12-18,RTX 3070
21,GIGABYTE GeForce RTX 3070 MASTER 8‚ÄéGB GDDR6 Grafikkarte unbenutzt mit Kabel,507.0,2022-12-18,RTX 3070
22,Defekt ASUS GeForce RTX 3070 DUAL OC 8GB GDDR6 Grafikkarte,233.0,2022-12-18,RTX 3070
23,NVIDIA GeForce RTX 3070 8GB GDDR6 (NON LHR) Ausbau aus Komplett-PC (TOP),449.99,2022-12-18,RTX 3070
24,EVGA GeForce RTX 3070 FTW3 ULTRA GAMING (08G-P5-3767-KR) - optisch wie neu,435.0,2022-12-18,RTX 3070
25,MSI GeForce RTX 3070 VENTUS 2X OC (V390-008R) - Zustand sehr gut,387.0,2022-12-18,RTX 3070
26,ASUS GeForce RTX 3070 DUAL OC 8GB GDDR6 Grafikkarte - Zustand Sehr gut,416.0,2022-12-18,RTX 3070
27,GIGABYTE GeForce RTX 3070 MASTER 8‚ÄéGB GDDR6 Grafikkarte,402.0,2022-12-18,RTX 3070
28,MSI GeForce RTX 3070 VENTUS 3X OC (V390-007R) - Zustand sehr gut,411.0,2022-12-18,RTX 3070
29,Zotac Gaming RTX 3070 Twin Edge OC 8GB  (ZT-A30700H-10P) - Zustand sehr gut,401.0,2022-12-18,RTX 3070
30,GIGABYTE GeForce RTX 3070 VISION OC 8‚ÄéGB GDDR6 Grafikkarte¬†(rev. 1.0) ,500.0,2022-12-18,RTX 3070
31,Gigabyte GeForce RTX 3070 Gaming OC 8GB GDDR6 Grafikkarte  Non LHR,412.0,2022-12-17,RTX 3070
32,Gainward GeForce RTX 3070 Phoenix 8GB Grafikkarte,390.34,2022-12-17,RTX 3070
33,Grafikkarte MSI Nividia Rtx 3070 8gb GPU,430.12,2022-12-17,RTX 3070
34,Grafikkarte Nividia Rtx 3070 Phoenix 8gb GPU,412.0,2022-12-17,RTX 3070
35,8GB Palit GeForce RTX 3070 Ti GamingPro Aktiv PCIe 4.0 Gaming Grafikkarte NVidia,490.0,2022-12-17,RTX 3070
36,GIGABYTE GeForce RTX 3070 Gaming OC 8G / GPU RTX Grafikkarte / NO LHR,429.0,2022-12-17,RTX 3070
37,ZOTAC GeForce RTX 3070 Twin Edge OC White Edition 8GB GDDR6 Grafikkarte,399.0,2022-12-17,RTX 3070
38,NVIDIA GeForce RTX 3070 Ti Founders Edition 8GB GDDR6X Grafikkarte,567.0,2022-12-16,RTX 3070
39,NVIDIA GeForce RTX 3070 FE Founders Edition 8GB GDDR6,499.0,2022-12-16,RTX 3070
40,KFA2 GeForce RTX 3070 EX 1-Click OC GDDR6 256-bit,372.0,2022-12-16,RTX 3070
41,MSI GeForce RTX 3070 Ventus2x OC || OVP || no LHR,425.0,2022-12-16,RTX 3070
42,"Grafikkarte Geforce RTX 3070 8GB Nvidia MSI, Kein LHR, Original Rechnung",500.0,2022-12-16,RTX 3070
43,GIGABYTE GeForce RTX 3070 GAMING OC 8GB GDDR6,450.0,2022-12-16,RTX 3070
44,ASUS GeForce RTX 3070 TUF Gaming OC 8GB GDDR6 Grafikkarte,450.0,2022-12-16,RTX 3070
45,MSI GeForce RTX 3070 VENTUS 3X OC 8GB GDDR6 Grafikkarte || OVP || no LHR,451.0,2022-12-16,RTX 3070
46,"Gigabyte GeForce RTX 3070 Vision OC 8G, 8192 MB GDDR6",569.0,2022-12-15,RTX 3070
47,EVGA GeForce RTX 3070 Ti FTW3 ULTRA GAMING 8GB GDDR6X Grafikkarte,499.0,2022-12-15,RTX 3070
48,MSI GeForce RTX 3070 VENTUS 3X OC 8GB GDDR6 Grafikkarte,420.0,2022-12-15,RTX 3070
49,ZOTAC GAMING GeForce RTX 3070 Twin Edge 8GB GDDR6 Grafikkarte TOP ZUSTAND!!!!,399.0,2022-12-15,RTX 3070
50,MSI¬Æ GEFORCE RTX 3070 TI VENTUS 3X GRAFIKKARTE NEU,699.0,2022-12-15,RTX 3070
51,GIGABYTE GeForce RTX 3070 Gaming OC 8G / GPU RTX Grafikkarte / NO LHR,449.0,2022-12-15,RTX 3070
52,GIGABYTE GeForce RTX 3070 MASTER 8‚ÄéGB GDDR6 Grafikkarte,399.0,2022-12-15,RTX 3070
53,ASUS GeForce RTX 3070 DUAL OC 8GB GDDR6 Grafikkarte mit Garantie,450.0,2022-12-15,RTX 3070
54,GIGABYTE GeForce RTX 3070 GAMING OC 8GB GDDR6 Grafikkarte NON LHR,474.24,2022-12-15,RTX 3070
55,"RTX 3070 Gainward Phantom GS 8GB DDR6 Grafikkarte, inkl. ca. 4 Monate Garantie",450.0,2022-12-15,RTX 3070
56,ZOTAC Gaming GeForce RTX 3070 Twin Edge OC/Grafikkarte/besser als 2080/70/60/Ti,444.44,2022-12-14,RTX 3070
57,EVGA GeForce RTX 3070 XC3 ULTRA 8GB GDDR6 Grafikkarte,311.0,2022-12-14,RTX 3070
58,EVGA GeForce RTX 3070 XC3 ULTRA 8GB GDDR6 Grafikkarte OVP Restgarantie | non LHR,451.0,2022-12-14,RTX 3070
59,NVIDIA GeForce RTX 3070 Ti Founders Edition 8GB GDDR6X Grafikkarte Rechnung,555.0,2022-12-14,RTX 3070
0,ASUS Dual GeForce RTX 3070 8GB GDDR6 Grafikkarte,417.0,2022-12-14,RTX 3070
1,NVIDIA GeForce RTX 3070 Founders Edition 8GB GDDR6 GDDR6 Grafikkarte - gebraucht,461.0,2022-12-14,RTX 3070
2,"Gigabyte GeForce RTX 3070 Eagle OC R2.0 8GB GDDR6 Grafikkarte 2xHDMI, 2xDP",656.0,2022-12-14,RTX 3070
3,+++ TOP +++ EVGA RTX 3070  8GB +++ non LHR +++,490.0,2022-12-14,RTX 3070
4,ASUS ROG STRIX RTX 3070 OC Gaming 8GB GDDR6 Grafikkarte,489.0,2022-12-14,RTX 3070
5,HP NVIDIA GeForce RTX 3070  OEM Grafikkarte 8Gb GDDR6,489.0,2022-12-14,RTX 3070
6,ASUS GeForce RTX 3070 TUF Gaming OC 8GB GDDR6 Grafikkarte,450.0,2022-12-14,RTX 3070
7,EVGA GeForce RTX 3070 FTW3 ULTRA Grafikkarte mit Wasserk√ºhlung TOP Zustand!,499.0,2022-12-14,RTX 3070
8,evga rtx 3070 ftw3 ultra LHR Inklusive Rechnung/Garantie!,550.0,2022-12-13,RTX 3070
9,NVIDIA GeForce RTX 3070 Ti Founders Edition 8GB GDDR6X Grafikkarte,599.0,2022-12-13,RTX 3070
10,MSI GeForce RTX 3070 VENTUS 2X OC 8GB GDDR6 256bit HDMI 3*DP PCI-E4.0,449.95,2022-12-13,RTX 3070
11,ZOTAC GeForce RTX 3070 Twin Edge OC White Edition 8GB GDDR6 Grafikkarte + OVP,391.0,2022-12-13,RTX 3070
12,Gigabyte GeForce RTX 3070 Eagle OC 8G LHR ‚úÖ NEU - NEW ‚úÖ,629.99,2022-12-13,RTX 3070
13,"ASUS ROG Strix GeForce RTX 3070 Ti 8GB GDDR6X Grafikkarte - 3x DisplayPort, 2x",840.99,2022-12-13,RTX 3070
14,MSI GeForce RTX 3070 Ventus 2X OC 8GB GDDR6,380.0,2022-12-13,RTX 3070
15,GIGABYTE GeForce RTX 3070 8‚ÄéGB GDDR6 Grafikkarte inkl Gew√§hrleistung + Rechnung,434.0,2022-12-13,RTX 3070
16,GIGABYTE VISION OC RTX 3070  Gaming 8GB GDDR6 Grafikkarte,459.0,2022-12-13,RTX 3070
17,PALIT JET STREAM RTX 3070 Gaming 8GB GDDR6 Grafikkarte 3,425.0,2022-12-13,RTX 3070
18,GIGABYTE GeForce RTX 3070 EAGLE OC LHR  8 GB OC  Enthusiast Grafikkarte,743.84,2022-12-13,RTX 3070
19,ASUS GeForce RTX 3070 DUAL Gaming 8GB GDDR6 Grafikkarte TOP!,399.0,2022-12-13,RTX 3070
20,MSI GeForce RTX 3070 Ventus2x OC || OVP || no LHR,401.0,2022-12-13,RTX 3070
21,GIGABYTE GeForce RTX 3070 GAMING OC 8GB GDDR6 Grafikkarte NON LHR,421.0,2022-12-13,RTX 3070
22,Gaming ASUS GeForce RTX 3070 DUAL OC 8GB GDDR6 ‚≠êÔ∏è NEU OVP ‚≠êÔ∏è NON LHR Grafikkarte,441.0,2022-12-13,RTX 3070
23,ASUS NVIDIA GeForce RTX 3070 TUF Gaming OC 8GB Gaming Grafikkarte...,620.0,2022-12-13,RTX 3070
24,AORUS GeForce RTX 3070 MASTER 8‚ÄéGB GDDR6 Rev 1.1 mit OVP (kein LHR),470.0,2022-12-12,RTX 3070
25,"ZOTAC GeForce RTX 3070 Twin Edge OC ""White Edition"" 8GB GDDR6 Grafikkarte",419.0,2022-12-12,RTX 3070
26,GIGABYTE GeForce RTX 3070 MASTER 8‚ÄéGB GDDR6 Grafikkarte TOP Zustand,426.0,2022-12-12,RTX 3070
27,"ASUS GeForce RTX 3070 TUF Gaming OC 8GB Grafikkarte *Neuwertig, FHR, 2021-07*",520.0,2022-12-12,RTX 3070
28,ASUS TUF Gaming GeForce RTX 3070 Ti OC 8GB GDDR6X - TOP Gebraucht / Restgarantie,510.51,2022-12-12,RTX 3070
29,Inno3D GeForce RTX 3070 Twin X2 OC No-LHR  8 GB OC Grafikkarte,400.0,2022-12-12,RTX 3070
30,MSI GeForce RTX 3070 Ventus 2X OC 8GB GDDR6,475.0,2022-12-12,RTX 3070
31,MSI GeForce RTX 3070 SUPRIM X 8GB GDDR6 Grafikkarte (non LHR),451.0,2022-12-12,RTX 3070
32,MSI GeForce RTX 3070 VENTUS 3X OC 8GB GDDR6 256bit HDMI 3*DP PCI-E4.0,479.95,2022-12-12,RTX 3070
33,GIGABYTE GeForce RTX 3070 GAMING OC 8GB GDDR6 Grafikkarte OVP,433.76,2022-12-12,RTX 3070
34,Gainward RTX 3070 Phoenix 8GB GDDR6 256bit HDMI 3*DP PCI-E4.0,479.95,2022-12-12,RTX 3070
35,MSI GeForce RTX 3070 SUPRIM X 8GB GDDR6 Grafikkarte (no LHR),451.0,2022-12-12,RTX 3070
36,ASUS GeForce RTX 3070 DUAL OC 8GB GDDR6 NON LHR Grafikkarte,450.0,2022-12-12,RTX 3070
37,Gainward GeForce RTX 3070 Phoenix 8GB GDDR6 Grafikkarte,403.0,2022-12-12,RTX 3070
38,GIGABYTE GeForce RTX 3070 AORUS Master LHR  8 GB OC  Enthusiast Grafikkarte,1200.0,2022-12-12,RTX 3070
39,"Gigabyte GeForce RTX 3070 Vision OC 8G, 8192 MB GDDR6",498.99,2022-12-12,RTX 3070
40,ASUS ROG Strix GeForce RTX 3070 Ti OC 8GB GDDR6X Grafikk wie neu 1 Jahr Garantie,566.0,2022-12-11,RTX 3070
41,MSI GeForce RTX 3070 Ti Suprim X 8G Gaming Grafikkarte (NVIDIA 8GB GDDR6X),546.7,2022-12-11,RTX 3070
42,MSI GeForce RTX 3070 VENTUS 2X OC 8GB GDDR6 Grafikkarte,411.0,2022-12-11,RTX 3070
43,GIGABYTE GeForce RTX 3070 GAMING OC 8GB GDDR6 Grafikkarte NON LHR,403.0,2022-12-11,RTX 3070
44,ASUS TUF Gaming GeForce RTX 3070 OC (TUF-RTX3070-O8G-GAMING) -  Wie neu,455.54,2022-12-11,RTX 3070
45,ASUS TUF Gaming GeForce RTX 3070 Ti OC 8GB GDDR6X Grafikkarte,550.0,2022-12-11,RTX 3070
46,GIGABYTE AORUS GeForce RTX 3070 8GB GDDR6 Grafikkarte (GV-N3070AORUS M-8GD),500.0,2022-12-11,RTX 3070
47,MSI GeForce RTX 3070 GAMING X TRIO 8GB GDDR6 Grafikkarte,422.0,2022-12-11,RTX 3070
48,MSI GeForce RTX 3070 SUPRIM 8GB GDDR6 Grafikkarte (non-LHR),437.0,2022-12-11,RTX 3070
49,RTX 3070 Nvidia 8gb nvidia Gigabyte,465.29,2022-12-11,RTX 3070
50,GIGABYTE GeForce RTX 3070 GAMING OC 8GB GDDR6 Grafikkarte(non LHR) Wasserk√ºhlung,499.0,2022-12-11,RTX 3070
51,RTX 3070 Ti Zotac Trinity OC - OVP + 24months warranty left,529.0,2022-12-11,RTX 3070
52,"Gigabyte GeForce RTX 3070 Gaming OC 8GB GDDR6 Grafikkarte 2xHDMI, 2xDP",429.0,2022-12-11,RTX 3070
53,MSI GeForce RTX 3070 TI Gaming Trio 8G ,445.0,2022-12-11,RTX 3070
54,PNY GeForce RTX 3070 XLR8 Gaming Revel Epic-X RGB Triple Fan 8GB GDDR6,471.0,2022-12-11,RTX 3070
55,ASUS Turbo GeForce RTX 3070 8GB GDDR6 NON LHR Grafikkarte,400.0,2022-12-11,RTX 3070
56,EVGA GeForce RTX 3070 XC3 ULTRA 8GB GDDR6 Grafikkarte,436.0,2022-12-11,RTX 3070
57,MSI Geforce RTX 3070 Ti Suprim X,569.0,2022-12-11,RTX 3070
58,MSI GeForce RTX 3070 SUPRIM X 8GB GDDR6 Grafikkarte (non-LHR),409.0,2022-12-11,RTX 3070
59,GIGABYTE GeForce RTX 3070 MASTER 8‚ÄéGB GDDR6 Grafikkarte,425.0,2022-12-11,RTX 3070
0,MSI Geforce RTX 3070 Ti Suprim X,569.0,2022-12-11,RTX 3070
1,MSI GeForce RTX 3070 SUPRIM X 8GB GDDR6 Grafikkarte (non-LHR),409.0,2022-12-11,RTX 3070
2,GIGABYTE GeForce RTX 3070 MASTER 8‚ÄéGB GDDR6 Grafikkarte,425.0,2022-12-11,RTX 3070
3,EVGA RTX 3070 Ti FTW3 Ultra - OVP + 24months warranty left,545.0,2022-12-11,RTX 3070
4,PALIT JET STREAM RTX 3070 Gaming 8GB GDDR6 Grafikkarte 2,425.0,2022-12-10,RTX 3070
5,"üî•ASUS ROG STRIX RTX 3070TI OC 8G GAMINGüî•GARANTIE,TOP ZUSTAND WIE NEUüî•",575.0,2022-12-10,RTX 3070
6,ZOTAC GAMING GeForce RTX 3070 AMP Holo (ZT-A30700F-10P) - Zustand Sehr gut,476.0,2022-12-10,RTX 3070
7,ZOTAC GAMING GeForce RTX 3070 AMP Holo Grafikkarte,405.01,2022-12-10,RTX 3070
8,NVIDIA GeForce RTX 3070 Ti Founders Edition 8GB GDDR6X Grafikkarte,555.0,2022-12-10,RTX 3070
9,Zotac Gaming RTX 3070 Twin Edge OC 8GB  (ZT-A30700H-10P) - Zustand sehr gut,407.0,2022-12-10,RTX 3070
10,Gigabyte AORUS MASTER GeForce RTX 3070 Ti OC 8GB*H√ÑNDLER*GARANTIE*RECHNUNG,699.0,2022-12-10,RTX 3070
11,MSI GeForce RTX 3070 SUPRIM X inkl. Restgarantie,543.0,2022-12-10,RTX 3070
12,GIGABYTE GeForce RTX 3070 GAMING OC 8GB GDDR6 Grafikkarte,405.0,2022-12-10,RTX 3070
13,ZOTAC GAMING GeForce RTX 3070 Ti AMP Extreme Holo 8GB GDDR6X Grafikkarte...,599.0,2022-12-10,RTX 3070
14,"INNO3D GeForce RTX 3070 iCHILL X4 LHR 8GB GDDR6 PCIe, HDMI, Displayport",662.44,2022-12-10,RTX 3070
15,MSI GeForce RTX 3070 SUPRIM 8GB GDDR6 Grafikkarte (non LHR),437.0,2022-12-10,RTX 3070
16,Asus Tuf Gaming Grafikkarte Geforce RTX 3070 OC Edition 8 GB - V1 no LHR,480.0,2022-12-10,RTX 3070
17,"EVGA RTX 3070 FTW3 Ultra Grafikkarte *FHR, 2021-07, neuwertig*",530.0,2022-12-10,RTX 3070
18,ZOTAC GeForce RTX 3070 Twin Edge OC 8GB GDDR6 Grafikkarte,405.0,2022-12-09,RTX 3070
19,EVGA GeForce RTX 3070 XC3 ULTRA 8GB GDDR6 Grafikkarte NO LHR GPU 4K,499.99,2022-12-09,RTX 3070
20,NVIDIA GeForce RTX 3070 Founders Edition 8GB GDDR6 GDDR6 Grafikkarte,405.0,2022-12-09,RTX 3070
21,MSI GeForce RTX 3070 VENTUS 3X OC 8GB GDDR6 Grafikkarte || OVP || no LHR,396.0,2022-12-09,RTX 3070
22,GIGABYTE GeForce RTX 3070 GAMING OC 8GB GDDR6 Grafikkarte NON LHR,422.0,2022-12-09,RTX 3070
23,NVIDIA GeForce RTX 3070 Founders Edition FE 8GB GDDR6 Grafikkarte,499.0,2022-12-09,RTX 3070
24,Gekauft Juni 2022¬† KFA2 GeForce RTX 3070 EX 1Click OC LHR NVIDIA RGB Grafikkarte,519.9,2022-12-09,RTX 3070
25,Gainward GeForce RTX 3070 Phoenix 8GB GDDR6 Grafikkarte - Gebraucht,400.0,2022-12-09,RTX 3070
26,ZOTAC GeForce RTX 3070 Twin Edge OC 8GB GDDR6 Grafikkarte,401.0,2022-12-09,RTX 3070
27,"ASUS GeForce RTX 3070 DUAL OC 8GB GDDR6 Grafikkarte, Non LHR, No-LHR",391.0,2022-12-09,RTX 3070
28,GIGABYTE AORUS GeForce RTX 3070 Master Rev. 2.0,727.16,2022-12-09,RTX 3070
29,AORUS RTX 3070 8GB RGB 2.0 Graphics Card / Grafikkarte mit Box,351.0,2022-12-09,RTX 3070
30,"ASUS GeForce RTX 3070 Ti TUF GAMING OC LHR, Grafikkarte",619.0,2022-12-09,RTX 3070
31,EVGA GeForce RTX 3070 XC3 ULTRA 8GB GDDR6 Grafikkarte OVP Restgarantie | non LHR,471.0,2022-12-08,RTX 3070
32,EVGA GeForce RTX 3070 Ti FTW3 ULTRA GAMING 8GB GDDR6X Grafikkarte,590.0,2022-12-08,RTX 3070
33,"MSI GeForce RTX 3070 SUPRIM 8GB GDDR6 Grafikkarte¬†Non-LHR, gebraucht / gepr√ºft",499.0,2022-12-08,RTX 3070
34,ZOTAC GAMING GeForce RTX 3070 Twin Edge 8GB GDDR6 Grafikkarte TOP ZUSTAND!!!!,399.0,2022-12-08,RTX 3070
35,EVGA GeForce RTX 3070 Ti FTW3 ULTRA GAMING 8GB GDDR6X Grafikkarte,553.62,2022-12-08,RTX 3070
36,NVIDIA GeForce RTX 3070 FE Founders Edition  ‚úÖOVP+Rechnung+2 Jahre Restgarantie‚úÖ,526.31,2022-12-08,RTX 3070
37,"Asus Dual Geforce RTX 3070 OC Non-LHR, gebraucht / gepr√ºft",485.0,2022-12-08,RTX 3070
38,GIGABYTE GeForce RTX 3070 Ti GAMING OC 8GB GDDR6X Grafikkarte,570.0,2022-12-07,RTX 3070
39,ZOTAC NVIDIA GeForce RTX 3070 Twin Edge OC 8GB GDDR6 Grafikkarte...,390.0,2022-12-07,RTX 3070
40,Palit GeForce RTX 3070 GamingPro 8GB GDDR6 Grafikkarte,423.85,2022-12-07,RTX 3070
41,NVIDIA GeForce RTX 3070 Founders Edition 8GB GDDR6 GDDR6 Grafikkarte,499.0,2022-12-07,RTX 3070
42,"GIGABYTE GeForce RTX 3070 Eagle OC 8G, Grafikkarte (2x DisplayPort, 2x HDMI)",471.99,2022-12-07,RTX 3070
43,EVGA RTX 3070 Ti FTW3 Ultra - OVP + 24months warranty left,550.0,2022-12-07,RTX 3070
44,EVGA GeForce RTX 3070 FTW3 ULTRA 8GB GDDR6 PCIe HDMI,438.36,2022-12-07,RTX 3070
45,"MSI nVidia RTX 3070, 8GB, Non-LHR",460.0,2022-12-07,RTX 3070
46,NVIDIA GeForce RTX 3070 Founders Edition 8GB GDDR6 GDDR6 Grafikkarte - gebraucht,418.0,2022-12-07,RTX 3070
47,MSI GeForce RTX 3070 GAMING X TRIO 8GB GDDR6 Grafikkarte TOP Zustand,450.0,2022-12-07,RTX 3070
48,3070 super rtx ,451.0,2022-12-06,RTX 3070
49,GIGABYTE AORUS GeForce RTX 3070 Ti MASTER 8GB GDDR6X Grafikkarte,344.0,2022-12-06,RTX 3070
50,ASUS ROG Strix GeForce RTX 3070 OC 8GB GDDR6 Grafikkarte,569.99,2022-12-06,RTX 3070
51,Nvidea GeForce RTX‚Ñ¢ 3070 8GB Grafikkarte aus Acer PC,445.0,2022-12-05,RTX 3070
52,GIGABYTE GeForce RTX 3070 Ti EAGLE,540.0,2022-12-05,RTX 3070
53,NVIDIA GeForce RTX 3070 Founders Edition 8GB GDDR6 Grafikkarte,426.1,2022-12-05,RTX 3070
54,ASUS GeForce RTX 3070 DUAL OC 8GB GDDR6 - OVP - TOP Zustand - mit Restgarantie!,475.0,2022-12-05,RTX 3070
55,"Gainward GeForce RTX 3070 Phoenix 8GB GDDR6 Grafikkarte, Non-LHR",450.0,2022-12-05,RTX 3070
56,ASUS ROG Strix GeForce RTX 3070 OC Non LHR,549.9,2022-12-05,RTX 3070
57,Gainward GeForce RTX 3070 Phantom 8‚ÄéGB GDDR6 | non LHR | gebraucht,436.0,2022-12-05,RTX 3070
58,NVIDIA GeForce RTX 3070 Ti Founders Edition / H√§ndler / NEU & UVP /,745.99,2022-12-05,RTX 3070
59,"ZOTAC NVIDIA GeForce RTX 3070 8GB GDDR6 Gaming Grafikkarte, ZT-A30700H-10P",290.0,2022-12-05,RTX 3070
0,"NVidia GeForce RTX3070 8GB GDDR6 RAM, TOP",419.0,2022-12-05,RTX 3070
1,NVIDIA GeForce RTX 3070 Founders Edition 8GB GDDR6 GDDR6 Grafikkarte,459.0,2022-12-05,RTX 3070
2,EVGA RTX 3070 FTW3 ULTRA Gaming 8GB GDDR6 Grafikkarte 1,469.0,2022-12-04,RTX 3070
3,GIGABYTE GeForce RTX 3070 GAMING OC rev. 2.0 8GB GDDR6 Grafikkarte...,450.55,2022-12-04,RTX 3070
4,KFA¬≤ GeForce RTX 3070 - Grafikkarte 8 GB - Top - unbenutzt & NEU in OVP,569.0,2022-12-04,RTX 3070
5,"ASUS GeForce RTX 3070 TUF Gaming OC 8GB GDDR6 Grafikkarte, NON-LHR",475.0,2022-12-04,RTX 3070
6,"GIGABYTE GeForce RTX 3070 Ti GAMING, Grafikkarte",737.69,2022-12-04,RTX 3070
7,ASUS TUF Gaming GeForce RTX 3070 Ti OC 8GB GDDR6X Grafikkarte TOP,649.5,2022-12-04,RTX 3070
8,Palit GeForce RTX 3070 GamingPro 8GB GDDR6 Grafikkarte,410.0,2022-12-04,RTX 3070
9,"ASUS TUF GeForce RTX 3070 TI 8GB OC Version, erst 3 Monate alt",555.0,2022-12-04,RTX 3070
10,NVIDIA GeForce RTX 3070 8GB GDDR6  Founders Edition  Neu / ‚≠êÔ∏è‚≠êÔ∏è‚≠êÔ∏è‚≠êÔ∏è‚≠êÔ∏è / H√§ndler,599.0,2022-12-04,RTX 3070
11,ZOTAC GAMING GeForce RTX 3070 Ti AMP Holo  Black 8GB GDDR6X Grafikkarte,550.0,2022-12-04,RTX 3070
12,MSI GeForce RTX 3070 Ti Suprim X 8G Gaming Grafikkarte (NVIDIA 8GB GDDR6X),572.0,2022-12-04,RTX 3070
13,MSI GeForce RTX 3070 VENTUS 3X OC 8GB GDDR6 Grafikkarte || OVP || no LHR,416.0,2022-12-04,RTX 3070
14,GIGABYTE GeForce RTX 3070 GAMING OC 8GB GDDR6 Grafikkarte NON LHR,428.0,2022-12-04,RTX 3070
15,NVIDIA GeForce RTX 3070 Founders Edition 8GB Grafikkarte,424.0,2022-12-04,RTX 3070
16,Palit Grafikkarte GeForce RTX 3070 Jetstream 8G LHR,619.0,2022-12-04,RTX 3070
17,MSI GeForce RTX 3070 GAMING X TRIO Non-LHR 8GB GDDR6 Grafikkarte,461.0,2022-12-04,RTX 3070
18,MSI GeForce RTX 3070 SUPRIM 8GB GDDR6 Grafikkarte,441.0,2022-12-04,RTX 3070
19,MSI GeForce RTX 3070 SUPRIM X 8GB GDDR6 Grafikkarte,440.0,2022-12-04,RTX 3070
20,NVIDIA GeForce RTX 3070 Ti Founders Edition 8GB GDDR6X Grafikkarte,555.0,2022-12-04,RTX 3070
21,GIGABYTE GeForce RTX 3070 Ti GAMING OC 8G 8GB GDDR6X Grafikkarte (GV-N307TGAMING,555.0,2022-12-04,RTX 3070
22,GIGABYTE GeForce RTX 3070 EAGLE OC 8GB GDDR6 Grafikkarte (GV-N3070EAGLE OC-8GD),444.0,2022-12-04,RTX 3070
23,ASUS GeForce RTX 3070 DUAL Gaming 8GB GDDR6 Grafikkarte,429.0,2022-12-04,RTX 3070
24,Gigabyte AORUS GEFORCE RTX 3070 Master M-8-GD DDR6 Grafikkarte *Top* gebraucht,432.0,2022-12-03,RTX 3070
25,ZOTAC GAMING GeForce RTX 3070 AMP Holo Grafikkarte,392.0,2022-12-03,RTX 3070
26,"ASUS TUF Gaming GeForce RTX 3070 8‚ÄéGB GDDR6 Grafikkarte, NO-LHR, OVP",469.0,2022-12-03,RTX 3070
27,ASUS GeForce RTX 3070 DUAL OC 8GB GDDR6 Grafikkarte,469.99,2022-12-03,RTX 3070
28,GIGABYTE GeForce RTX 3070 GAMING OC 8GB GDDR6 Grafikkarte NON-LHR,449.0,2022-12-03,RTX 3070
29,ASUS TUF Gaming GeForce RTX 3070 Ti 8GB GDDR6X Grafikkarte,595.0,2022-12-03,RTX 3070
30,Gigabyte GV-RTX 3070 Eagle OC 8GB GDDR6 256bit 2*HDMI 2*DP PCI-E4.0,449.95,2022-12-03,RTX 3070
31,Palit NVIDIA GeForce RTX 3070Ti OC GameRock 8GB GDDR6X Grafikkarte  Restgarantie,524.0,2022-12-03,RTX 3070
32,Gaming ASUS GeForce RTX 3070 DUAL OC 8GB GDDR6 ‚≠êÔ∏è NEU OVP ‚≠êÔ∏è NON LHR Grafikkarte,403.0,2022-12-03,RTX 3070
33,ZOTAC Gaming GeForce RTX 3070 AMP Holo ‚≠êÔ∏è NEU OVP ‚≠êÔ∏è  NON LHR Grafikkarte,393.0,2022-12-03,RTX 3070
34,MSI GeForce RTX 3070 VENTUS 2X OC 8GB GDDR6 Grafikkarte,392.01,2022-12-02,RTX 3070
35,NVIDIA GeForce RTX 3070 Ti Founders Edition 8GB GDDR6X Grafikkarte,550.0,2022-12-02,RTX 3070
36,NVIDIA GeForce RTX 3070 Ti Founders Edition 8GB GDDR6X Grafikkarte Gebraucht,611.0,2022-12-02,RTX 3070
37,MSI GeForce RTX 3070 VENTUS 3X OC 8GB GDDR6 Grafikkarte || OVP || no LHR,396.0,2022-12-02,RTX 3070
38,GIGABYTE GeForce RTX 3070 GAMING OC 8GB GDDR6 Grafikkarte NON LHR,402.0,2022-12-02,RTX 3070
39,GIGABYTE GeForce RTX 3070 GAMING OC 8GB GDDR6 Grafikkarte,415.0,2022-12-02,RTX 3070
40,MSI GeForce RTX 3070 VENTUS 3X OC (V390-007R) - Zustand sehr gut,421.0,2022-12-02,RTX 3070
41,ASUS GeForce RTX 3070 DUAL OC 8GB GDDR6 Grafikkarte - Zustand Sehr gut,417.0,2022-12-02,RTX 3070
42,NVIDIA GeForce RTX 3070 Founders Edition 8GB GDDR6 GDDR6 Grafikkarte,402.0,2022-12-02,RTX 3070
43,MSI Nvidia Geforce RTX 3070 Gaming X Trio 8GB GDDR6 Non LHR,415.0,2022-12-02,RTX 3070
44,MSI GeForce RTX 3070 GAMING Z TRIO 8GB | non LHR | Rechnung | Garantie,427.57,2022-12-02,RTX 3070
45,Nvidia PNY GeForce RTX 3070 8GB GDDR6 Grafikkarte,219.0,2022-12-02,RTX 3070
46,GIGABYTE GeForce RTX 3070 VISION OC 8‚ÄéGB GDDR6 Grafikkarte,266.0,2022-12-02,RTX 3070
47,GIGABYTE GeForce RTX 3070 VISION OC 8‚ÄéGB GDDR6 Grafikkarte,479.0,2022-12-02,RTX 3070
48,GIGABYTE AORUS GeForce RTX 3070 Master || OVP || no LHR,585.0,2022-12-02,RTX 3070
49,MSI GeForce RTX 3070 SUPRIM 8GB GDDR6 Grafikkarte,550.0,2022-12-02,RTX 3070
50,NVIDIA GeForce RTX 3070 Ti FE Founders Edition 8GB GDDR6X Grafikkarte - NEU,677.0,2022-12-02,RTX 3070
51,Gainward GeForce RTX 3070 Phoenix 8GB GDDR6 Grafikkarte - Gebraucht,400.0,2022-12-02,RTX 3070
52,"NVIDIA GeForce RTX 3070 Founders Edition 8GB GDDR6 Non-LHR, gebraucht / gepr√ºft",539.99,2022-12-01,RTX 3070
53,GIGABYTE GeForce RTX 3070 Ti Eagle  8GB GDDR6X Grafikkarte Gpu,550.0,2022-12-01,RTX 3070
54,GIGABYTE AORUS GeForce RTX 3070 Ti MASTER 8GB GDDR6X Grafikkarte,515.0,2022-12-01,RTX 3070
55,GIGABYTE GeForce RTX 3070 Ti VISION OC 8GB GDDR6X Grafikkarte,604.0,2022-12-01,RTX 3070
56,Palit GeForce RTX 3070 GamingPro OC 8GB GDDR6 Grafikkarte,408.88,2022-12-01,RTX 3070
57,ASUS NVIDIA GeForce RTX 3070 TUF Gaming OC 8GB Gaming Grafikkarte,479.0,2022-12-01,RTX 3070
58,"ASUS ROG Strix GeForce RTX 3070 Ti OC 8GB GDDR6X Grafikkarte - 3x DisplayPort,",820.99,2022-12-01,RTX 3070
59,MSI GeForce RTX 3070 SUPRIM 8GB GDDR6 Grafikkarte (non LHR),456.0,2022-12-01,RTX 3070
0,Lenovo OEM Nvidia GeForce RTX 3070 8GB GDDR6 Grafikkarte TOP ZUSTAND!,379.0,2022-12-01,RTX 3070
1,ASUS ROG Strix GeForce RTX 3070 Ti OC 8GB GDDR6X Grafikkarte,575.0,2022-11-30,RTX 3070
2,"ZOTAC Gaming GeForce RTX 3070 AMP , 8GB GDDR6 / GPU",405.0,2022-11-30,RTX 3070
3,EVGA GeForce RTX 3070 FTW3 ULTRA 8GB mit Restgarantie,473.0,2022-11-30,RTX 3070
4,Manli NVIDIA RTX3070 8GB GDDR6 256bit HDMI 3*DP PCI-E4.0,479.95,2022-11-30,RTX 3070
5,GIGABYTE GeForce RTX 3070 GAMING OC Rev. 2.0,629.42,2022-11-30,RTX 3070
6,Grafikkarte NVIDIA MSI GeForce RTX 3070 Ti Gaming X Trio 8GB GDDR6X HDMI DP LHR,849.9,2022-11-30,RTX 3070
7,ASUS GeForce RTX 3070 DUAL OC 8GB - 1 Jahr alt.,450.0,2022-11-30,RTX 3070
8,"Zotac Gaming GeForce RTX 3070 AMP Holo, 8GB GDDR6, HDMI, 3x DP",422.52,2022-11-30,RTX 3070
9,ZOTAC GAMING GeForce RTX 3070 Twin Edge 8GB GDDR6 Grafikkarte TOP ZUSTAND,399.0,2022-11-30,RTX 3070
10,NVIDIA RTX 3070m OC 8 GB GDDR6 VRAM Grafikkarte *refurbished*,400.0,2022-11-30,RTX 3070
11,Palit GeForce RTX 3070 GamingPro 8GB GDDR6 Grafikkarte,499.0,2022-11-30,RTX 3070
12,HP NVIDIA GeForce RTX 3070 8GB Grafikkarte,418.0,2022-11-30,RTX 3070
13,GIGABYTE GeForce RTX 3070 GAMING OC 8GB Grafikkarte (NON LHR) - General√ºberholt,446.0,2022-11-30,RTX 3070
14,NVIDIA GeForce RTX 3070 Founders Edition 8GB | non LHR | OVP | gebraucht¬†,436.0,2022-11-29,RTX 3070
15,Palit GeForce RTX 3070 GamingPro 8GB GDDR6 Grafikkarte,405.0,2022-11-29,RTX 3070
16,Asus RTX 3070Ti OC TUF Gaming,600.0,2022-11-29,RTX 3070
17,ASUS TUF Gaming GeForce RTX 3070 8‚ÄéGB GDDR6 Grafikkarte,460.0,2022-11-29,RTX 3070
18,NVIDIA GeForce RTX 3070 Founders Edition 8GB GDDR6 GDDR6 Grafikkarte - gebraucht,525.0,2022-11-29,RTX 3070
19,MSI GeForce RTX 3070 VENTUS 3X OC 8GB GDDR6X G-Sync Grafikkarte - Zustand gut ,369.0,2022-11-29,RTX 3070
20,ASUS ROG-STRIX-RTX3070TI-O8G-GAMING,549.0,2022-11-29,RTX 3070
21,MSI GeForce RTX 3070 GAMING X TRIO 8GB GDDR6,455.9,2022-11-29,RTX 3070
22,"ASUS NVIDIA GeForce RTX 3070 TUF Gaming 8GB Gaming No LHR , Restgarantie",483.0,2022-11-29,RTX 3070
23,Palit GeForce RTX 3070 GamingPro 8GB GDDR6 Grafikkarte,499.0,2022-11-29,RTX 3070
24,ASUS ROG Strix GeForce RTX 3070 Ti OC 8GB GDDR6X Grafikkarte,600.0,2022-11-28,RTX 3070
25,"NON LHR Nvidea GeForce RTX 3070 8GB, MSI OEM in Top Zustand ",449.99,2022-11-28,RTX 3070
26,VGA Grafikkarte ASUS nVidia GeForce Turbo RTX 3070 8 GB GDDR6 o. LHR + Garantie,392.0,2022-11-28,RTX 3070
27,GIGABYTE GeForce RTX 3070 GAMING OC 8GB Grafikkarte + Rechnung & Restgarantie,464.0,2022-11-28,RTX 3070
28,GIGABYTE AORUS GeForce RTX 3070 Master 8G (Rev. 2.0) 8GB Grafikkarte - Neuwertig,451.0,2022-11-28,RTX 3070
29,EVGA GeForce RTX 3070 XC3 ULTRA 8GB GDDR6 Grafikkarte,444.0,2022-11-28,RTX 3070
30,Palit GeForce RTX 3070 Jetstream OC V1 Grafikkarte (LHR) - Zustand Sehr gut,429.0,2022-11-28,RTX 3070
31,GIGABYTE RTX 3070 Ti GAMING OC 8GB GDDR6X | OVP +Rechnung + Rest Garantie,629.99,2022-11-28,RTX 3070
32,"GIGABYTE GeForce RTX 3070 Ti GAMING OC 8GB GDDR6X Grafikkarte 2x HDMI, 2x DP OVP",555.01,2022-11-28,RTX 3070
33,NVIDIA GeForce RTX 3070 Ti Founders Edition 8GB GDDR6X Grafikkarte,599.0,2022-11-28,RTX 3070
34,ZOTAC GeForce RTX 3070 Twin Edge OC White Edition 8GB GDDR6 Grafikkarte,389.0,2022-11-28,RTX 3070
35,EVGA GeForce RTX 3070 XC3 Black 8GB GDDR6 Grafikkarte ,440.0,2022-11-28,RTX 3070
36,NVIDIA RTX 3070 Gigabyte Aorus Master 8‚ÄéGB NON LHR,426.0,2022-11-28,RTX 3070
37,ASUS NVIDIA GeForce RTX 3070 TUF Gaming OC 8GB Gaming Grafikkarte...,438.0,2022-11-28,RTX 3070
38,Asus RoG Strix GeForce RTX 3070 8GB GDDR6 Non-LHR - Gepr√ºfte Gebrauchtware,569.99,2022-11-28,RTX 3070
39,GIGABYTE AORUS GeForce RTX 3070 Ti MASTER 8GB GDDR6X Grafikkarte,350.0,2022-11-27,RTX 3070
40,GIGABYTE GeForce RTX 3070 Ti VISION OC 8GB GDDR6X Grafikkarte,650.0,2022-11-27,RTX 3070
41,MSI Geforce RTX 3070 Gaming Z Trio 8GB,506.0,2022-11-27,RTX 3070
42,GIGABYTE GeForce RTX 3070 GAMING OC 8GB GDDR6 Grafikkarte,420.0,2022-11-27,RTX 3070
43,GIGABYTE GeForce RTX 3070 GAMING OC 8GB GDDR6 Grafikkarte [No LHR],429.0,2022-11-27,RTX 3070
44,ASUS TUF Gaming GeForce RTX 3070 8‚ÄéGB GDDR6 Grafikkarte,431.0,2022-11-27,RTX 3070
45,EVGA GeForce RTX 3070 XC3 Ultra LHR  8 GB OC  Enthusiast Grafikkarte,724.42,2022-11-27,RTX 3070
46,GIGABYTE AORUS GeForce RTX 3070 Ti MASTER 8GB GDDR6X Grafikkarte,350.0,2022-11-27,RTX 3070
47,EVGA GeForce RTX 3070 XC3 ULTRA 8GB GDDR6 Grafikkarte,421.0,2022-11-27,RTX 3070
48,GIGABYTE AORUS GeForce RTX 3070 8GB GDDR6 Grafikkarte,431.0,2022-11-27,RTX 3070
49,"ASUS TUF GeForce RTX 3070 TI 8GB OC Version, erst 3 Monate alt",545.0,2022-11-27,RTX 3070
50,GIGABYTE AORUS GeForce RTX 3070 Master || OVP || no LHR,431.0,2022-11-27,RTX 3070
51,GIGABYTE GeForce RTX 3070 VISION OC-Edition mit 8‚ÄéGB GDDR6 Grafikkarte in wei√ü,436.0,2022-11-27,RTX 3070
52,MSI GeForce RTX 3070 Ti Suprim X 8G Gaming Grafikkarte (NVIDIA 8GB GDDR6X),605.0,2022-11-27,RTX 3070
53,GIGABYTE AORUS GeForce RTX 3070 Master || OVP || no LHR,450.0,2022-11-27,RTX 3070
54,Palit GeForce RTX 3070 GamingPro OC 8GB GDDR6 Grafikkarte,404.0,2022-11-27,RTX 3070
55,NVIDIA GeForce RTX 3070 Founders Edition 8GB Grafikkarte,425.0,2022-11-27,RTX 3070
56,"ZOTAC GeForce RTX 3070 AMP HOLO, Grafikkarte",499.99,2022-11-27,RTX 3070
57,ASUS TUF Gaming GeForce RTX 3070 8‚ÄéGB GDDR6 Grafikkarte,441.0,2022-11-27,RTX 3070
58,üî• üî•  MSI GeForce RTX 3070 SUPRIM X LHR 8GB GDDR6 Grafikkarte üî• üî• ,450.0,2022-11-27,RTX 3070
59,NVIDIA GeForce RTX 3070 Founders Edition 8GB GDDR6 Grafikkarte Gebraucht ,421.0,2022-11-27,RTX 3070
0,NVIDIA GeForce RTX 3070 Ti Founders Edition 8GB GDDR6X Grafikkarte,520.0,2022-11-26,RTX 3070
1,GIGABYTE AORUS GeForce RTX 3070 8GB GDDR6 Grafikkarte (GV-N3070AORUS M-8GD),499.0,2022-11-26,RTX 3070
2,"ASUS GeForce RTX 3070 Ti TUF GAMING OC LHR, Grafikkarte",649.0,2022-11-26,RTX 3070
3,NVIDIA GeForce RTX 3070 FE Founders Edition 8GB GDDR6 Grafikkarte NEW,599.0,2022-11-26,RTX 3070
4,ASUS TUF Gaming GeForce RTX 3070 Ti 8GB GDDR6X Grafikkarte,565.0,2022-11-26,RTX 3070
5,Zotac Gaming GeForce RTX 3070 Twin Edge OC 8GB GDDR6 Grafikkarte,400.0,2022-11-25,RTX 3070
6,"GIGABYTE RTX 3070 GAMING OC 8GB GDDR6, NO-LHR, OVP, Rechnung vom: 10.03.2021",469.0,2022-11-25,RTX 3070
7,MSI GeForce RTX 3070 SUPRIM X 8GB GDDR6 Grafikkarte (non LHR) Restgarantie,549.99,2022-11-25,RTX 3070
8,NVIDIA GeForce RTX 3070 Ti Founders Edition 8GB GDDR6X Grafikkarte mit Garantie,478.0,2022-11-25,RTX 3070
9,MSI GeForce RTX 3070 VENTUS 3X OC 8GB GDDR6 Grafikkarte || OVP || no LHR,426.65,2022-11-25,RTX 3070
10,MSI GeForce RTX 3070 GAMING Z TRIO 8GB | non LHR¬†,498.0,2022-11-25,RTX 3070
11,Zotac Gaming GeForce RTX 3070 Twin Edge OC 8GB GDDR6 Grafikkarte,400.0,2022-11-25,RTX 3070
12,ASUS Dual GeForce RTX 3070 OC Edition inkl. OVP,416.0,2022-11-25,RTX 3070
13,EVGA GeForce RTX 3070 XC3 ULTRA GAMING - WIE NEU - 1 MONAT ALT - LHR,550.0,2022-11-25,RTX 3070
14,"MSI GeForce RTX 3070 Ti SUPRIM X 8GB GDDR6X Grafikkarte - 3x DisplayPort, 1x",842.99,2022-11-25,RTX 3070
15,"INNO3D GeForce RTX 3070 Twin X2 LHR Grafikkarte - 3x DisplayPort, 1x HDMI",577.99,2022-11-25,RTX 3070
16,Palit GeForce RTX 3070 GamingPro 8G V1 LHR GDDR6 Grafikkarte - 3x,606.99,2022-11-25,RTX 3070
17,NVIDIA RTX 3070 Gigabyte Aorus Master 8‚ÄéGB,559.0,2022-11-25,RTX 3070
18,MSI GeForce RTX 3070 SUPRIM 8GB GDDR6 Grafikkarte,470.0,2022-11-25,RTX 3070
19,NVIDIA GeForce RTX 3070 Founders Edition NEU & OVP Fast Shipping Invoice,689.0,2022-11-25,RTX 3070
20,EVGA GeForce RTX 3070 Ti FTW3 Ultra Gaming Grafikkarte - 3x DisplayPort/1x HDMI,759.99,2022-11-25,RTX 3070
21,NVIDIA GeForce RTX 3070 Founders Edition 8GB GDDR6 GDDR6 Grafikkarte,599.0,2022-11-25,RTX 3070
22,ASUS GeForce RTX 3070 Ti TUF Gaming OC 8GB LHR NVIDIA,659.99,2022-11-25,RTX 3070
23,NVIDIA GeForce RTX 3070 Ti Founders Edition FE 8GB GDDR6X 3070Ti,640.0,2022-11-25,RTX 3070
24,GIGABYTE GeForce RTX 3070 EAGLE OC 8GB GDDR6 Grafikkarte ,435.0,2022-11-25,RTX 3070
25,Gainward GeForce RTX 3070 Ti Phoenix  8 GB  Enthusiast Grafikkarte (Grafikkarte),1200.0,2022-11-25,RTX 3070
26,"ASUS GeForce RTX‚Ñ¢ 3070 TUF Gaming  OC 8GB V2 LHR (90YV0FQI-M0NA00) (NVIDIA, Graf",999.99,2022-11-25,RTX 3070
27,Zotac Gaming GeForce RTX 3070 Ti Trinity Grafikkarte ,706.23,2022-11-25,RTX 3070
28,Gigabyte GeForce RTX 3070 Eagle OC 8G LHR ‚úÖ NEU - NEW ‚úÖ,624.99,2022-11-25,RTX 3070
29,üî• üî•  MSI GeForce RTX 3070 SUPRIM X LHR 8GB GDDR6 Grafikkarte üî• üî• ,464.76,2022-11-25,RTX 3070
30,MSI GeForce RTX 3070 Suprim 8GB GDDR6 (Neuwertig + Restgarantie),509.0,2022-11-25,RTX 3070
31,Zotac GeForce RTX 3070 Twin Edge OC White 8GB GDDR6 - Zustand sehr gut *Non LHR*,399.0,2022-11-24,RTX 3070
32,MSI Ventus 2X OC NVIDIA 3070 RTX,399.0,2022-11-24,RTX 3070
33,Gainward GeForce RTX 3070 Phantom 8‚ÄéGB GDDR6 Grafikkarte,420.0,2022-11-24,RTX 3070
34,MSI GeForce RTX 3070 GAMING Z TRIO 8GB | non LHR | Rechnung | Garantie,427.0,2022-11-24,RTX 3070
35,MSI GeForce RTX 3070 VENTUS 2X OC 8GB GDDR6 Grafikkarte,432.0,2022-11-24,RTX 3070
36,PNY GeForce RTX 3070 8GB GDDR6 Grafikkarte (VCG30708LTFXPPB),440.0,2022-11-24,RTX 3070
37,"ZOTAC ZOTAC GeForce RTX‚Ñ¢ 3070 TWIN EDGE OC LHR 8GB (ZT-A30700H-10PLHR) (NVIDIA,",619.99,2022-11-24,RTX 3070
38,MSI GeForce RTX 3070 SUPRIM X 8GB GDDR6 Grafikkarte (non LHR),470.0,2022-11-24,RTX 3070
39,ASUS TUF GeForce RTX 3070 V2 8 GB OC Version Gaming Grafikkarte,696.9,2022-11-24,RTX 3070
40,NVIDIA GeForce RTX 3070 Founders Edition 8GB OVP,519.0,2022-11-24,RTX 3070
41,NVIDIA GeForce RTX 3070ti FE Founders Edition NEW & SEALED,799.99,2022-11-23,RTX 3070
42,INNO3D NVIDIA GeForce RTX 3070 iCHILL X3 8GB GDDR6 Grafikkarte (Non-LHR),456.0,2022-11-23,RTX 3070
43,"ASUS Dual GeForce RTX 3070 OC, DUAL-RTX3070-O8G, 8GB GDDR6, OVP, TOP",429.0,2022-11-23,RTX 3070
44,ASUS TUF Gaming GeForce RTX 3070 OC  8GB GDDR6 Grafikkarte,440.0,2022-11-23,RTX 3070
45,GIGABYTE AORUS GeForce RTX 3070 8GB GDDR6 Grafikkarte¬†,470.0,2022-11-23,RTX 3070
46,[NEU | Bundle] ASUS Dual GeForce RTX 3070 V2 8GB + L√ºfter ROG Strix XF 120,555.0,2022-11-23,RTX 3070
47,MSI GeForce RTX 3070 GAMING Z TRIO 8GB | non LHR | Rechnung | Garantie,451.0,2022-11-23,RTX 3070
